node,n,k,m,tb,dataset_id,dataset_seed,F0_size,F1_size,d,support_true,signs_true,sigma_weight,support_predicted,signs_predicted,restarts,solution_found
Twi,18,2,4,1,0,5235,1,3,3,"[0,1]","[1,1]",1,[17],[1],0,True
Sna,18,1,4,1,0,5235,1,3,3,[0],[1],1,[14],[-1],0,True
Fog,18,2,4,1,0,5235,1,3,3,"[1,2]","[1,1]",1,[5],[1],0,True
FogR,18,1,4,1,0,5235,2,2,4,[3],[1],2,"[5,17]","[1,1]",0,True
Cta,18,1,4,1,0,5235,2,2,4,[4],[1],3,"[3,10,16]","[-1,-1,-1]",0,True
GEF,18,1,4,1,0,5235,1,3,3,[5],[1],1,[13],[1],0,True
Csk,18,1,4,1,0,5235,1,3,3,[5],[1],3,"[0,1,6]","[-1,1,-1]",0,True
Src,18,1,4,1,0,5235,2,2,4,[7],[-1],2,"[6,17]","[-1,-1]",0,True
GAP,18,2,4,1,0,5235,3,1,3,"[8,9]","[1,1]",1,[12],[1],0,True
Rho,18,3,4,1,0,5235,2,2,4,"[6,9,12]","[1,-1,-1]",2,"[1,5]","[1,-1]",0,True
rock,18,1,4,1,0,5235,3,1,3,[10],[1],1,[0],[-1],0,True
GDI,18,1,4,1,0,5235,3,1,3,[13],[-1],1,[5],[-1],0,True
Moe,18,3,4,1,0,5235,3,1,3,"[11,13,14]","[1,1,-1]",2,"[4,13]","[1,1]",0,True
mlcp,18,1,4,1,0,5235,1,3,3,[11],[-1],1,[11],[-1],0,True
mlc,18,3,4,1,0,5235,3,1,3,"[11,14,15]","[1,-1,1]",2,"[4,5]","[1,1]",0,True
Actin,18,2,4,1,0,5235,2,2,4,"[13,16]","[1,1]",1,[4],[-1],0,True
Twi,18,2,4,2,1,5236,3,1,3,"[0,1]","[1,1]",1,[0],[1],0,True
Sna,18,1,4,2,1,5236,3,1,3,[0],[1],1,[0],[1],0,True
Fog,18,2,4,2,1,5236,2,2,4,"[1,2]","[1,1]",3,"[11,14,15]","[1,-1,-1]",0,True
FogR,18,1,4,2,1,5236,2,2,4,[3],[1],2,"[7,14]","[-1,-1]",0,True
Cta,18,1,4,2,1,5236,1,3,3,[4],[1],2,"[1,15]","[1,-1]",0,True
GEF,18,1,4,2,1,5236,3,1,3,[5],[1],1,[2],[1],0,True
Csk,18,1,4,2,1,5236,3,1,3,[5],[1],3,"[1,13,17]","[-1,1,1]",0,True
Src,18,1,4,2,1,5236,3,1,3,[7],[-1],2,"[0,3]","[-1,1]",0,True
GAP,18,2,4,2,1,5236,3,1,3,"[8,9]","[1,1]",1,[12],[1],0,True
Rho,18,3,4,2,1,5236,2,2,4,"[6,9,12]","[1,-1,-1]",2,"[6,9]","[1,-1]",0,True
rock,18,1,4,2,1,5236,2,2,4,[10],[1],1,[10],[1],0,True
GDI,18,1,4,2,1,5236,3,1,3,[13],[-1],2,"[3,9]","[-1,-1]",0,True
Moe,18,3,4,2,1,5236,3,1,3,"[11,13,14]","[1,1,-1]",2,"[2,3]","[-1,1]",0,True
mlcp,18,1,4,2,1,5236,3,1,3,[11],[-1],2,"[7,15]","[1,-1]",0,True
mlc,18,3,4,2,1,5236,3,1,3,"[11,14,15]","[1,-1,1]",1,[1],[1],0,True
Actin,18,2,4,2,1,5236,1,3,3,"[13,16]","[1,1]",1,[13],[1],0,True
Twi,18,2,4,3,2,5237,2,2,4,"[0,1]","[1,1]",1,[8],[1],0,True
Sna,18,1,4,3,2,5237,2,2,4,[0],[1],2,"[3,7]","[1,1]",0,True
Fog,18,2,4,3,2,5237,1,3,3,"[1,2]","[1,1]",1,[3],[-1],0,True
FogR,18,1,4,3,2,5237,3,1,3,[3],[1],2,"[10,13]","[-1,-1]",0,True
Cta,18,1,4,3,2,5237,2,2,4,[4],[1],1,[4],[1],0,True
GEF,18,1,4,3,2,5237,1,3,3,[5],[1],1,[3],[-1],0,True
Csk,18,1,4,3,2,5237,1,3,3,[5],[1],1,[5],[1],0,True
Src,18,1,4,3,2,5237,1,3,3,[7],[-1],2,"[6,14]","[1,1]",0,True
GAP,18,2,4,3,2,5237,1,3,3,"[8,9]","[1,1]",3,"[10,11,16]","[1,-1,-1]",0,True
Rho,18,3,4,3,2,5237,3,1,3,"[6,9,12]","[1,-1,-1]",1,[5],[-1],0,True
rock,18,1,4,3,2,5237,3,1,3,[10],[1],1,[1],[1],0,True
GDI,18,1,4,3,2,5237,2,2,4,[13],[-1],2,"[9,14]","[-1,-1]",0,True
Moe,18,3,4,3,2,5237,3,1,3,"[11,13,14]","[1,1,-1]",2,"[2,6]","[1,1]",0,True
mlcp,18,1,4,3,2,5237,3,1,3,[11],[-1],1,[3],[1],0,True
mlc,18,3,4,3,2,5237,2,2,4,"[11,14,15]","[1,-1,1]",2,"[5,14]","[1,-1]",0,True
Actin,18,2,4,3,2,5237,3,1,3,"[13,16]","[1,1]",1,[14],[1],0,True
Twi,18,2,4,4,3,5238,2,2,4,"[0,1]","[1,1]",2,"[1,14]","[1,1]",0,True
Sna,18,1,4,4,3,5238,2,2,4,[0],[1],2,"[1,14]","[1,1]",0,True
Fog,18,2,4,4,3,5238,2,2,4,"[1,2]","[1,1]",1,[15],[1],0,True
FogR,18,1,4,4,3,5238,2,2,4,[3],[1],1,[3],[1],0,True
Cta,18,1,4,4,3,5238,1,3,3,[4],[1],1,[4],[1],0,True
GEF,18,1,4,4,3,5238,1,3,3,[5],[1],2,"[2,12]","[1,1]",0,True
Csk,18,1,4,4,3,5238,1,3,3,[5],[1],1,[7],[1],0,True
Src,18,1,4,4,3,5238,3,1,3,[7],[-1],1,[4],[-1],0,True
GAP,18,2,4,4,3,5238,1,3,3,"[8,9]","[1,1]",2,"[12,15]","[1,1]",0,True
Rho,18,3,4,4,3,5238,3,1,3,"[6,9,12]","[1,-1,-1]",2,"[0,15]","[-1,-1]",0,True
rock,18,1,4,4,3,5238,3,1,3,[10],[1],2,"[12,17]","[1,-1]",0,True
GDI,18,1,4,4,3,5238,2,2,4,[13],[-1],3,"[4,6,17]","[1,-1,-1]",0,True
Moe,18,3,4,4,3,5238,3,1,3,"[11,13,14]","[1,1,-1]",1,[5],[-1],0,True
mlcp,18,1,4,4,3,5238,3,1,3,[11],[-1],2,"[0,13]","[-1,-1]",0,True
mlc,18,3,4,4,3,5238,3,1,3,"[11,14,15]","[1,-1,1]",2,"[11,13]","[1,-1]",0,True
Actin,18,2,4,4,3,5238,2,2,4,"[13,16]","[1,1]",1,[13],[1],0,True
Twi,18,2,4,5,4,5239,1,3,3,"[0,1]","[1,1]",2,"[10,14]","[1,-1]",0,True
Sna,18,1,4,5,4,5239,2,2,4,[0],[1],3,"[5,11,14]","[1,-1,1]",0,True
Fog,18,2,4,5,4,5239,2,2,4,"[1,2]","[1,1]",1,[13],[1],0,True
FogR,18,1,4,5,4,5239,1,3,3,[3],[1],2,"[12,13]","[1,1]",0,True
Cta,18,1,4,5,4,5239,3,1,3,[4],[1],2,"[9,10]","[1,-1]",0,True
GEF,18,1,4,5,4,5239,1,3,3,[5],[1],2,"[1,15]","[1,-1]",0,True
Csk,18,1,4,5,4,5239,1,3,3,[5],[1],1,[12],[-1],0,True
Src,18,1,4,5,4,5239,1,3,3,[7],[-1],1,[15],[1],0,True
GAP,18,2,4,5,4,5239,1,3,3,"[8,9]","[1,1]",1,[12],[-1],0,True
Rho,18,3,4,5,4,5239,3,1,3,"[6,9,12]","[1,-1,-1]",2,"[6,10]","[1,1]",0,True
rock,18,1,4,5,4,5239,2,2,4,[10],[1],3,"[1,9,15]","[1,-1,-1]",0,True
GDI,18,1,4,5,4,5239,2,2,4,[13],[-1],1,[1],[-1],0,True
Moe,18,3,4,5,4,5239,3,1,3,"[11,13,14]","[1,1,-1]",1,[4],[1],0,True
mlcp,18,1,4,5,4,5239,3,1,3,[11],[-1],2,"[0,15]","[1,1]",0,True
mlc,18,3,4,5,4,5239,3,1,3,"[11,14,15]","[1,-1,1]",2,"[8,16]","[-1,1]",0,True
Actin,18,2,4,5,4,5239,2,2,4,"[13,16]","[1,1]",1,[14],[-1],0,True
Twi,18,2,4,6,5,5240,1,3,3,"[0,1]","[1,1]",2,"[0,13]","[1,-1]",0,True
Sna,18,1,4,6,5,5240,2,2,4,[0],[1],2,"[4,12]","[-1,-1]",0,True
Fog,18,2,4,6,5,5240,2,2,4,"[1,2]","[1,1]",3,"[5,6,12]","[1,1,1]",0,True
FogR,18,1,4,6,5,5240,2,2,4,[3],[1],3,"[1,5,11]","[-1,1,1]",0,True
Cta,18,1,4,6,5,5240,1,3,3,[4],[1],1,[4],[1],0,True
GEF,18,1,4,6,5,5240,3,1,3,[5],[1],2,"[6,17]","[-1,1]",0,True
Csk,18,1,4,6,5,5240,3,1,3,[5],[1],2,"[9,16]","[1,-1]",0,True
Src,18,1,4,6,5,5240,1,3,3,[7],[-1],2,"[1,6]","[-1,1]",0,True
GAP,18,2,4,6,5,5240,1,3,3,"[8,9]","[1,1]",1,[9],[1],0,True
Rho,18,3,4,6,5,5240,3,1,3,"[6,9,12]","[1,-1,-1]",2,"[8,11]","[-1,-1]",0,True
rock,18,1,4,6,5,5240,3,1,3,[10],[1],2,"[2,16]","[-1,1]",0,True
GDI,18,1,4,6,5,5240,2,2,4,[13],[-1],1,[16],[-1],0,True
Moe,18,3,4,6,5,5240,2,2,4,"[11,13,14]","[1,1,-1]",1,[11],[1],0,True
mlcp,18,1,4,6,5,5240,2,2,4,[11],[-1],2,"[7,12]","[1,-1]",0,True
mlc,18,3,4,6,5,5240,2,2,4,"[11,14,15]","[1,-1,1]",1,[11],[1],0,True
Actin,18,2,4,6,5,5240,2,2,4,"[13,16]","[1,1]",1,[13],[1],0,True
Twi,18,2,4,7,6,5241,1,3,3,"[0,1]","[1,1]",2,"[9,13]","[1,1]",0,True
Sna,18,1,4,7,6,5241,2,2,4,[0],[1],1,[2],[1],0,True
Fog,18,2,4,7,6,5241,1,3,3,"[1,2]","[1,1]",2,"[0,10]","[1,-1]",0,True
FogR,18,1,4,7,6,5241,3,1,3,[3],[1],1,[4],[1],0,True
Cta,18,1,4,7,6,5241,3,1,3,[4],[1],3,"[6,7,10]","[1,1,1]",0,True
GEF,18,1,4,7,6,5241,1,3,3,[5],[1],1,[15],[1],0,True
Csk,18,1,4,7,6,5241,1,3,3,[5],[1],2,"[11,13]","[-1,1]",0,True
Src,18,1,4,7,6,5241,3,1,3,[7],[-1],2,"[12,17]","[1,1]",0,True
GAP,18,2,4,7,6,5241,2,2,4,"[8,9]","[1,1]",1,[9],[1],0,True
Rho,18,3,4,7,6,5241,3,1,3,"[6,9,12]","[1,-1,-1]",1,[4],[1],0,True
rock,18,1,4,7,6,5241,1,3,3,[10],[1],2,"[0,1]","[1,-1]",0,True
GDI,18,1,4,7,6,5241,1,3,3,[13],[-1],1,[13],[-1],0,True
Moe,18,3,4,7,6,5241,3,1,3,"[11,13,14]","[1,1,-1]",1,[13],[1],0,True
mlcp,18,1,4,7,6,5241,2,2,4,[11],[-1],1,[0],[-1],0,True
mlc,18,3,4,7,6,5241,3,1,3,"[11,14,15]","[1,-1,1]",2,"[6,11]","[1,1]",0,True
Actin,18,2,4,7,6,5241,3,1,3,"[13,16]","[1,1]",2,"[2,6]","[1,1]",0,True
Twi,18,2,4,8,7,5242,2,2,4,"[0,1]","[1,1]",1,[0],[1],0,True
Sna,18,1,4,8,7,5242,2,2,4,[0],[1],1,[1],[1],0,True
Fog,18,2,4,8,7,5242,2,2,4,"[1,2]","[1,1]",1,[16],[1],0,True
FogR,18,1,4,8,7,5242,2,2,4,[3],[1],2,"[4,5]","[-1,1]",0,True
Cta,18,1,4,8,7,5242,1,3,3,[4],[1],2,"[10,16]","[-1,-1]",0,True
GEF,18,1,4,8,7,5242,3,1,3,[5],[1],2,"[13,14]","[1,1]",0,True
Csk,18,1,4,8,7,5242,3,1,3,[5],[1],1,[9],[1],0,True
Src,18,1,4,8,7,5242,3,1,3,[7],[-1],1,[4],[-1],0,True
GAP,18,2,4,8,7,5242,3,1,3,"[8,9]","[1,1]",2,"[12,16]","[1,-1]",0,True
Rho,18,3,4,8,7,5242,3,1,3,"[6,9,12]","[1,-1,-1]",2,"[0,13]","[1,-1]",0,True
rock,18,1,4,8,7,5242,1,3,3,[10],[1],2,"[1,7]","[-1,-1]",0,True
GDI,18,1,4,8,7,5242,2,2,4,[13],[-1],2,"[10,17]","[-1,1]",0,True
Moe,18,3,4,8,7,5242,3,1,3,"[11,13,14]","[1,1,-1]",1,[7],[-1],0,True
mlcp,18,1,4,8,7,5242,3,1,3,[11],[-1],2,"[3,14]","[-1,1]",0,True
mlc,18,3,4,8,7,5242,2,2,4,"[11,14,15]","[1,-1,1]",1,[14],[-1],0,True
Actin,18,2,4,8,7,5242,3,1,3,"[13,16]","[1,1]",2,"[9,13]","[-1,1]",0,True
Twi,18,2,4,9,8,5243,2,2,4,"[0,1]","[1,1]",1,[7],[1],0,True
Sna,18,1,4,9,8,5243,3,1,3,[0],[1],1,[0],[1],0,True
Fog,18,2,4,9,8,5243,3,1,3,"[1,2]","[1,1]",1,[1],[1],0,True
FogR,18,1,4,9,8,5243,3,1,3,[3],[1],1,[3],[1],0,True
Cta,18,1,4,9,8,5243,2,2,4,[4],[1],1,[7],[1],0,True
GEF,18,1,4,9,8,5243,2,2,4,[5],[1],2,"[9,11]","[1,1]",0,True
Csk,18,1,4,9,8,5243,2,2,4,[5],[1],2,"[0,2]","[-1,-1]",0,True
Src,18,1,4,9,8,5243,2,2,4,[7],[-1],2,"[9,14]","[1,-1]",0,True
GAP,18,2,4,9,8,5243,2,2,4,"[8,9]","[1,1]",2,"[8,9]","[1,1]",0,True
Rho,18,3,4,9,8,5243,2,2,4,"[6,9,12]","[1,-1,-1]",3,"[1,13,14]","[1,1,1]",0,True
rock,18,1,4,9,8,5243,2,2,4,[10],[1],2,"[6,8]","[1,-1]",0,True
GDI,18,1,4,9,8,5243,2,2,4,[13],[-1],2,"[0,14]","[-1,1]",0,True
Moe,18,3,4,9,8,5243,3,1,3,"[11,13,14]","[1,1,-1]",1,[11],[1],0,True
mlcp,18,1,4,9,8,5243,1,3,3,[11],[-1],1,[12],[-1],0,True
mlc,18,3,4,9,8,5243,3,1,3,"[11,14,15]","[1,-1,1]",2,"[7,9]","[-1,-1]",0,True
Actin,18,2,4,9,8,5243,3,1,3,"[13,16]","[1,1]",1,[16],[1],0,True
Twi,18,2,4,10,9,5244,1,3,3,"[0,1]","[1,1]",1,[6],[1],0,True
Sna,18,1,4,10,9,5244,2,2,4,[0],[1],2,"[4,10]","[1,1]",0,True
Fog,18,2,4,10,9,5244,1,3,3,"[1,2]","[1,1]",2,"[2,15]","[1,-1]",0,True
FogR,18,1,4,10,9,5244,1,3,3,[3],[1],2,"[1,15]","[-1,-1]",0,True
Cta,18,1,4,10,9,5244,1,3,3,[4],[1],2,"[2,15]","[1,-1]",0,True
GEF,18,1,4,10,9,5244,2,2,4,[5],[1],1,[0],[-1],0,True
Csk,18,1,4,10,9,5244,2,2,4,[5],[1],1,[15],[1],0,True
Src,18,1,4,10,9,5244,2,2,4,[7],[-1],2,"[11,12]","[-1,-1]",0,True
GAP,18,2,4,10,9,5244,1,3,3,"[8,9]","[1,1]",1,[13],[-1],0,True
Rho,18,3,4,10,9,5244,2,2,4,"[6,9,12]","[1,-1,-1]",1,[14],[1],0,True
rock,18,1,4,10,9,5244,1,3,3,[10],[1],2,"[0,8]","[1,-1]",0,True
GDI,18,1,4,10,9,5244,1,3,3,[13],[-1],2,"[3,15]","[-1,-1]",0,True
Moe,18,3,4,10,9,5244,3,1,3,"[11,13,14]","[1,1,-1]",1,[4],[-1],0,True
mlcp,18,1,4,10,9,5244,1,3,3,[11],[-1],1,[13],[-1],0,True
mlc,18,3,4,10,9,5244,3,1,3,"[11,14,15]","[1,-1,1]",1,[6],[-1],0,True
Actin,18,2,4,10,9,5244,3,1,3,"[13,16]","[1,1]",2,"[7,16]","[1,1]",0,True
Twi,18,2,4,11,10,5245,1,3,3,"[0,1]","[1,1]",1,[4],[1],0,True
Sna,18,1,4,11,10,5245,1,3,3,[0],[1],2,"[9,12]","[1,1]",0,True
Fog,18,2,4,11,10,5245,1,3,3,"[1,2]","[1,1]",2,"[1,14]","[1,-1]",0,True
FogR,18,1,4,11,10,5245,3,1,3,[3],[1],3,"[10,11,15]","[1,1,1]",0,True
Cta,18,1,4,11,10,5245,1,3,3,[4],[1],1,[0],[1],0,True
GEF,18,1,4,11,10,5245,3,1,3,[5],[1],1,[16],[1],0,True
Csk,18,1,4,11,10,5245,3,1,3,[5],[1],1,[5],[1],0,True
Src,18,1,4,11,10,5245,3,1,3,[7],[-1],2,"[1,2]","[-1,1]",0,True
GAP,18,2,4,11,10,5245,2,2,4,"[8,9]","[1,1]",2,"[15,16]","[1,-1]",0,True
Rho,18,3,4,11,10,5245,3,1,3,"[6,9,12]","[1,-1,-1]",1,[15],[-1],0,True
rock,18,1,4,11,10,5245,1,3,3,[10],[1],2,"[14,16]","[1,1]",0,True
GDI,18,1,4,11,10,5245,3,1,3,[13],[-1],1,[3],[1],0,True
Moe,18,3,4,11,10,5245,3,1,3,"[11,13,14]","[1,1,-1]",1,[10],[-1],0,True
mlcp,18,1,4,11,10,5245,3,1,3,[11],[-1],1,[11],[-1],0,True
mlc,18,3,4,11,10,5245,3,1,3,"[11,14,15]","[1,-1,1]",1,[9],[1],0,True
Actin,18,2,4,11,10,5245,3,1,3,"[13,16]","[1,1]",1,[11],[-1],0,True
Twi,18,2,4,12,11,5246,1,3,3,"[0,1]","[1,1]",1,[10],[-1],0,True
Sna,18,1,4,12,11,5246,2,2,4,[0],[1],1,[11],[1],0,True
Fog,18,2,4,12,11,5246,2,2,4,"[1,2]","[1,1]",1,[1],[1],0,True
FogR,18,1,4,12,11,5246,2,2,4,[3],[1],1,[7],[1],0,True
Cta,18,1,4,12,11,5246,2,2,4,[4],[1],1,[4],[1],0,True
GEF,18,1,4,12,11,5246,3,1,3,[5],[1],2,"[4,11]","[1,1]",0,True
Csk,18,1,4,12,11,5246,3,1,3,[5],[1],2,"[3,9]","[1,-1]",0,True
Src,18,1,4,12,11,5246,2,2,4,[7],[-1],1,[0],[-1],0,True
GAP,18,2,4,12,11,5246,1,3,3,"[8,9]","[1,1]",1,[6],[-1],0,True
Rho,18,3,4,12,11,5246,3,1,3,"[6,9,12]","[1,-1,-1]",2,"[0,8]","[-1,-1]",0,True
rock,18,1,4,12,11,5246,3,1,3,[10],[1],1,[10],[1],0,True
GDI,18,1,4,12,11,5246,3,1,3,[13],[-1],2,"[3,8]","[1,-1]",0,True
Moe,18,3,4,12,11,5246,3,1,3,"[11,13,14]","[1,1,-1]",2,"[3,17]","[1,-1]",0,True
mlcp,18,1,4,12,11,5246,2,2,4,[11],[-1],2,"[6,10]","[1,1]",0,True
mlc,18,3,4,12,11,5246,2,2,4,"[11,14,15]","[1,-1,1]",1,[11],[1],0,True
Actin,18,2,4,12,11,5246,3,1,3,"[13,16]","[1,1]",1,[10],[1],0,True
Twi,18,2,4,13,12,5247,2,2,4,"[0,1]","[1,1]",3,"[7,13,17]","[1,1,-1]",0,True
Sna,18,1,4,13,12,5247,3,1,3,[0],[1],2,"[1,4]","[1,1]",0,True
Fog,18,2,4,13,12,5247,1,3,3,"[1,2]","[1,1]",1,[9],[-1],0,True
FogR,18,1,4,13,12,5247,1,3,3,[3],[1],1,[2],[1],0,True
Cta,18,1,4,13,12,5247,2,2,4,[4],[1],1,[16],[-1],0,True
GEF,18,1,4,13,12,5247,2,2,4,[5],[1],1,[5],[1],0,True
Csk,18,1,4,13,12,5247,2,2,4,[5],[1],2,"[0,9]","[1,1]",0,True
Src,18,1,4,13,12,5247,2,2,4,[7],[-1],2,"[0,14]","[1,-1]",0,True
GAP,18,2,4,13,12,5247,1,3,3,"[8,9]","[1,1]",2,"[1,17]","[-1,-1]",0,True
Rho,18,3,4,13,12,5247,2,2,4,"[6,9,12]","[1,-1,-1]",1,[7],[1],0,True
rock,18,1,4,13,12,5247,3,1,3,[10],[1],2,"[9,16]","[-1,1]",0,True
GDI,18,1,4,13,12,5247,3,1,3,[13],[-1],2,"[1,3]","[-1,1]",0,True
Moe,18,3,4,13,12,5247,3,1,3,"[11,13,14]","[1,1,-1]",2,"[6,17]","[-1,1]",0,True
mlcp,18,1,4,13,12,5247,2,2,4,[11],[-1],2,"[9,13]","[-1,1]",0,True
mlc,18,3,4,13,12,5247,3,1,3,"[11,14,15]","[1,-1,1]",1,[12],[1],0,True
Actin,18,2,4,13,12,5247,2,2,4,"[13,16]","[1,1]",1,[4],[-1],0,True
Twi,18,2,4,14,13,5248,1,3,3,"[0,1]","[1,1]",1,[17],[1],0,True
Sna,18,1,4,14,13,5248,1,3,3,[0],[1],1,[17],[1],0,True
Fog,18,2,4,14,13,5248,3,1,3,"[1,2]","[1,1]",3,"[0,11,15]","[1,-1,1]",0,True
FogR,18,1,4,14,13,5248,2,2,4,[3],[1],1,[6],[1],0,True
Cta,18,1,4,14,13,5248,2,2,4,[4],[1],1,[4],[1],0,True
GEF,18,1,4,14,13,5248,3,1,3,[5],[1],2,"[0,3]","[1,-1]",0,True
Csk,18,1,4,14,13,5248,3,1,3,[5],[1],1,[15],[-1],0,True
Src,18,1,4,14,13,5248,3,1,3,[7],[-1],3,"[1,10,12]","[-1,1,-1]",0,True
GAP,18,2,4,14,13,5248,3,1,3,"[8,9]","[1,1]",1,[8],[1],0,True
Rho,18,3,4,14,13,5248,2,2,4,"[6,9,12]","[1,-1,-1]",1,[4],[-1],0,True
rock,18,1,4,14,13,5248,1,3,3,[10],[1],1,[11],[-1],0,True
GDI,18,1,4,14,13,5248,2,2,4,[13],[-1],1,[13],[-1],0,True
Moe,18,3,4,14,13,5248,3,1,3,"[11,13,14]","[1,1,-1]",1,[10],[-1],0,True
mlcp,18,1,4,14,13,5248,1,3,3,[11],[-1],1,[11],[-1],0,True
mlc,18,3,4,14,13,5248,3,1,3,"[11,14,15]","[1,-1,1]",1,[10],[-1],0,True
Actin,18,2,4,14,13,5248,3,1,3,"[13,16]","[1,1]",1,[10],[-1],0,True
Twi,18,2,4,15,14,5249,2,2,4,"[0,1]","[1,1]",1,[1],[1],0,True
Sna,18,1,4,15,14,5249,2,2,4,[0],[1],1,[1],[1],0,True
Fog,18,2,4,15,14,5249,1,3,3,"[1,2]","[1,1]",1,[5],[1],0,True
FogR,18,1,4,15,14,5249,2,2,4,[3],[1],1,[4],[1],0,True
Cta,18,1,4,15,14,5249,2,2,4,[4],[1],1,[4],[1],0,True
GEF,18,1,4,15,14,5249,1,3,3,[5],[1],1,[5],[1],0,True
Csk,18,1,4,15,14,5249,1,3,3,[5],[1],1,[12],[-1],0,True
Src,18,1,4,15,14,5249,2,2,4,[7],[-1],1,[10],[-1],0,True
GAP,18,2,4,15,14,5249,1,3,3,"[8,9]","[1,1]",2,"[0,3]","[1,1]",0,True
Rho,18,3,4,15,14,5249,2,2,4,"[6,9,12]","[1,-1,-1]",1,[9],[-1],0,True
rock,18,1,4,15,14,5249,2,2,4,[10],[1],2,"[12,17]","[1,-1]",0,True
GDI,18,1,4,15,14,5249,2,2,4,[13],[-1],1,[8],[-1],0,True
Moe,18,3,4,15,14,5249,2,2,4,"[11,13,14]","[1,1,-1]",1,[13],[1],0,True
mlcp,18,1,4,15,14,5249,3,1,3,[11],[-1],1,[17],[-1],0,True
mlc,18,3,4,15,14,5249,2,2,4,"[11,14,15]","[1,-1,1]",1,[13],[1],0,True
Actin,18,2,4,15,14,5249,2,2,4,"[13,16]","[1,1]",1,[2],[-1],0,True
Twi,18,2,4,16,15,5250,2,2,4,"[0,1]","[1,1]",1,[1],[1],0,True
Sna,18,1,4,16,15,5250,2,2,4,[0],[1],1,[10],[1],0,True
Fog,18,2,4,16,15,5250,2,2,4,"[1,2]","[1,1]",2,"[4,13]","[1,-1]",0,True
FogR,18,1,4,16,15,5250,3,1,3,[3],[1],1,[3],[1],0,True
Cta,18,1,4,16,15,5250,3,1,3,[4],[1],1,[16],[-1],0,True
GEF,18,1,4,16,15,5250,3,1,3,[5],[1],1,[16],[-1],0,True
Csk,18,1,4,16,15,5250,3,1,3,[5],[1],1,[4],[1],0,True
Src,18,1,4,16,15,5250,2,2,4,[7],[-1],2,"[6,9]","[-1,1]",0,True
GAP,18,2,4,16,15,5250,2,2,4,"[8,9]","[1,1]",2,"[3,16]","[-1,1]",0,True
Rho,18,3,4,16,15,5250,2,2,4,"[6,9,12]","[1,-1,-1]",1,[7],[1],0,True
rock,18,1,4,16,15,5250,2,2,4,[10],[1],2,"[4,6]","[1,-1]",0,True
GDI,18,1,4,16,15,5250,3,1,3,[13],[-1],1,[6],[-1],0,True
Moe,18,3,4,16,15,5250,2,2,4,"[11,13,14]","[1,1,-1]",2,"[11,13]","[1,1]",0,True
mlcp,18,1,4,16,15,5250,3,1,3,[11],[-1],2,"[3,15]","[-1,-1]",0,True
mlc,18,3,4,16,15,5250,2,2,4,"[11,14,15]","[1,-1,1]",1,[15],[1],0,True
Actin,18,2,4,16,15,5250,2,2,4,"[13,16]","[1,1]",1,[1],[-1],0,True
Twi,18,2,4,17,16,5251,1,3,3,"[0,1]","[1,1]",1,[5],[1],0,True
Sna,18,1,4,17,16,5251,2,2,4,[0],[1],2,"[14,16]","[-1,-1]",0,True
Fog,18,2,4,17,16,5251,1,3,3,"[1,2]","[1,1]",1,[12],[-1],0,True
FogR,18,1,4,17,16,5251,1,3,3,[3],[1],1,[4],[-1],0,True
Cta,18,1,4,17,16,5251,3,1,3,[4],[1],1,[5],[-1],0,True
GEF,18,1,4,17,16,5251,1,3,3,[5],[1],2,"[0,11]","[1,-1]",0,True
Csk,18,1,4,17,16,5251,1,3,3,[5],[1],1,[17],[1],0,True
Src,18,1,4,17,16,5251,2,2,4,[7],[-1],1,[9],[1],0,True
GAP,18,2,4,17,16,5251,1,3,3,"[8,9]","[1,1]",1,[11],[1],0,True
Rho,18,3,4,17,16,5251,2,2,4,"[6,9,12]","[1,-1,-1]",2,"[5,14]","[1,1]",0,True
rock,18,1,4,17,16,5251,2,2,4,[10],[1],3,"[2,8,9]","[-1,1,1]",0,True
GDI,18,1,4,17,16,5251,3,1,3,[13],[-1],1,[13],[-1],0,True
Moe,18,3,4,17,16,5251,3,1,3,"[11,13,14]","[1,1,-1]",1,[14],[-1],0,True
mlcp,18,1,4,17,16,5251,3,1,3,[11],[-1],2,"[0,17]","[-1,1]",0,True
mlc,18,3,4,17,16,5251,3,1,3,"[11,14,15]","[1,-1,1]",2,"[9,17]","[1,1]",0,True
Actin,18,2,4,17,16,5251,2,2,4,"[13,16]","[1,1]",2,"[14,17]","[-1,-1]",0,True
Twi,18,2,4,18,17,5252,1,3,3,"[0,1]","[1,1]",2,"[0,6]","[1,-1]",0,True
Sna,18,1,4,18,17,5252,2,2,4,[0],[1],1,[10],[1],0,True
Fog,18,2,4,18,17,5252,1,3,3,"[1,2]","[1,1]",1,[13],[1],0,True
FogR,18,1,4,18,17,5252,3,1,3,[3],[1],2,"[14,16]","[-1,-1]",0,True
Cta,18,1,4,18,17,5252,1,3,3,[4],[1],2,"[10,11]","[-1,-1]",0,True
GEF,18,1,4,18,17,5252,2,2,4,[5],[1],1,[16],[1],0,True
Csk,18,1,4,18,17,5252,2,2,4,[5],[1],1,[5],[1],0,True
Src,18,1,4,18,17,5252,2,2,4,[7],[-1],1,[9],[-1],0,True
GAP,18,2,4,18,17,5252,2,2,4,"[8,9]","[1,1]",1,[6],[-1],0,True
Rho,18,3,4,18,17,5252,2,2,4,"[6,9,12]","[1,-1,-1]",1,[6],[1],0,True
rock,18,1,4,18,17,5252,2,2,4,[10],[1],1,[10],[1],0,True
GDI,18,1,4,18,17,5252,3,1,3,[13],[-1],1,[8],[1],0,True
Moe,18,3,4,18,17,5252,3,1,3,"[11,13,14]","[1,1,-1]",1,[4],[-1],0,True
mlcp,18,1,4,18,17,5252,2,2,4,[11],[-1],1,[11],[-1],0,True
mlc,18,3,4,18,17,5252,3,1,3,"[11,14,15]","[1,-1,1]",2,"[5,7]","[1,-1]",0,True
Actin,18,2,4,18,17,5252,3,1,3,"[13,16]","[1,1]",2,"[10,12]","[1,-1]",0,True
Twi,18,2,4,19,18,5253,1,3,3,"[0,1]","[1,1]",2,"[5,9]","[1,-1]",0,True
Sna,18,1,4,19,18,5253,3,1,3,[0],[1],1,[0],[1],0,True
Fog,18,2,4,19,18,5253,1,3,3,"[1,2]","[1,1]",2,"[1,13]","[1,-1]",0,True
FogR,18,1,4,19,18,5253,3,1,3,[3],[1],2,"[11,17]","[-1,-1]",0,True
Cta,18,1,4,19,18,5253,2,2,4,[4],[1],1,[17],[1],0,True
GEF,18,1,4,19,18,5253,3,1,3,[5],[1],1,[5],[1],0,True
Csk,18,1,4,19,18,5253,3,1,3,[5],[1],2,"[1,9]","[1,1]",0,True
Src,18,1,4,19,18,5253,1,3,3,[7],[-1],1,[10],[-1],0,True
GAP,18,2,4,19,18,5253,2,2,4,"[8,9]","[1,1]",1,[8],[1],0,True
Rho,18,3,4,19,18,5253,3,1,3,"[6,9,12]","[1,-1,-1]",1,[14],[1],0,True
rock,18,1,4,19,18,5253,3,1,3,[10],[1],2,"[5,16]","[-1,-1]",0,True
GDI,18,1,4,19,18,5253,2,2,4,[13],[-1],1,[2],[1],0,True
Moe,18,3,4,19,18,5253,3,1,3,"[11,13,14]","[1,1,-1]",1,[5],[1],0,True
mlcp,18,1,4,19,18,5253,2,2,4,[11],[-1],1,[11],[-1],0,True
mlc,18,3,4,19,18,5253,3,1,3,"[11,14,15]","[1,-1,1]",2,"[6,11]","[-1,1]",0,True
Actin,18,2,4,19,18,5253,3,1,3,"[13,16]","[1,1]",2,"[5,9]","[-1,1]",0,True
Twi,18,2,4,20,19,5254,1,3,3,"[0,1]","[1,1]",2,"[6,11]","[1,1]",0,True
Sna,18,1,4,20,19,5254,1,3,3,[0],[1],2,"[7,17]","[1,1]",0,True
Fog,18,2,4,20,19,5254,3,1,3,"[1,2]","[1,1]",1,[5],[1],0,True
FogR,18,1,4,20,19,5254,1,3,3,[3],[1],1,[15],[1],0,True
Cta,18,1,4,20,19,5254,2,2,4,[4],[1],2,"[10,17]","[1,-1]",0,True
GEF,18,1,4,20,19,5254,3,1,3,[5],[1],2,"[8,12]","[-1,-1]",0,True
Csk,18,1,4,20,19,5254,3,1,3,[5],[1],1,[11],[1],0,True
Src,18,1,4,20,19,5254,2,2,4,[7],[-1],2,"[8,9]","[-1,-1]",0,True
GAP,18,2,4,20,19,5254,2,2,4,"[8,9]","[1,1]",1,[4],[1],0,True
Rho,18,3,4,20,19,5254,3,1,3,"[6,9,12]","[1,-1,-1]",1,[3],[-1],0,True
rock,18,1,4,20,19,5254,1,3,3,[10],[1],1,[0],[1],0,True
GDI,18,1,4,20,19,5254,3,1,3,[13],[-1],2,"[7,11]","[1,-1]",0,True
Moe,18,3,4,20,19,5254,3,1,3,"[11,13,14]","[1,1,-1]",2,"[3,12]","[1,-1]",0,True
mlcp,18,1,4,20,19,5254,1,3,3,[11],[-1],1,[9],[-1],0,True
mlc,18,3,4,20,19,5254,3,1,3,"[11,14,15]","[1,-1,1]",1,[2],[1],0,True
Actin,18,2,4,20,19,5254,2,2,4,"[13,16]","[1,1]",2,"[2,17]","[1,1]",0,True
Twi,18,2,8,1,20,9235,3,5,15,"[0,1]","[1,1]",3,"[2,8,9]","[-1,-1,1]",0,True
Sna,18,1,8,1,20,9235,7,1,7,[0],[1],1,[0],[1],0,True
Fog,18,2,8,1,20,9235,2,6,12,"[1,2]","[1,1]",4,"[4,7,12,15]","[1,1,1,1]",0,True
FogR,18,1,8,1,20,9235,6,2,12,[3],[1],3,"[2,15,16]","[1,-1,-1]",0,True
Cta,18,1,8,1,20,9235,5,3,15,[4],[1],1,[4],[1],0,True
GEF,18,1,8,1,20,9235,4,4,16,[5],[1],3,"[7,12,17]","[1,-1,-1]",0,True
Csk,18,1,8,1,20,9235,4,4,16,[5],[1],1,[5],[1],0,True
Src,18,1,8,1,20,9235,3,5,15,[7],[-1],2,"[5,16]","[-1,-1]",0,True
GAP,18,2,8,1,20,9235,2,6,12,"[8,9]","[1,1]",2,"[9,11]","[1,1]",0,True
Rho,18,3,8,1,20,9235,6,2,12,"[6,9,12]","[1,-1,-1]",2,"[2,15]","[-1,1]",0,True
rock,18,1,8,1,20,9235,1,7,7,[10],[1],2,"[0,3]","[1,-1]",0,True
GDI,18,1,8,1,20,9235,6,2,12,[13],[-1],3,"[6,14,17]","[1,1,-1]",0,True
Moe,18,3,8,1,20,9235,6,2,12,"[11,13,14]","[1,1,-1]",4,"[4,7,10,15]","[-1,-1,-1,-1]",0,True
mlcp,18,1,8,1,20,9235,3,5,15,[11],[-1],4,"[1,3,8,15]","[1,-1,-1,-1]",0,True
mlc,18,3,8,1,20,9235,7,1,7,"[11,14,15]","[1,-1,1]",2,"[8,11]","[-1,1]",0,True
Actin,18,2,8,1,20,9235,4,4,16,"[13,16]","[1,1]",3,"[7,12,17]","[1,1,-1]",0,True
Twi,18,2,8,2,21,9236,2,6,12,"[0,1]","[1,1]",3,"[3,10,13]","[1,-1,-1]",0,True
Sna,18,1,8,2,21,9236,4,4,16,[0],[1],1,[0],[1],0,True
Fog,18,2,8,2,21,9236,3,5,15,"[1,2]","[1,1]",4,"[9,10,15,16]","[1,-1,1,1]",0,True
FogR,18,1,8,2,21,9236,2,6,12,[3],[1],3,"[1,2,10]","[1,1,1]",0,True
Cta,18,1,8,2,21,9236,3,5,15,[4],[1],1,[4],[1],0,True
GEF,18,1,8,2,21,9236,4,4,16,[5],[1],4,"[7,11,13,15]","[1,-1,1,-1]",0,True
Csk,18,1,8,2,21,9236,4,4,16,[5],[1],4,"[4,6,15,17]","[1,-1,-1,1]",0,True
Src,18,1,8,2,21,9236,3,5,15,[7],[-1],1,[7],[-1],0,True
GAP,18,2,8,2,21,9236,2,6,12,"[8,9]","[1,1]",4,"[0,6,7,16]","[1,1,1,1]",0,True
Rho,18,3,8,2,21,9236,7,1,7,"[6,9,12]","[1,-1,-1]",2,"[3,5]","[-1,1]",0,True
rock,18,1,8,2,21,9236,6,2,12,[10],[1],1,[10],[1],0,True
GDI,18,1,8,2,21,9236,5,3,15,[13],[-1],1,[13],[-1],0,True
Moe,18,3,8,2,21,9236,7,1,7,"[11,13,14]","[1,1,-1]",3,"[1,2,12]","[-1,-1,1]",0,True
mlcp,18,1,8,2,21,9236,6,2,12,[11],[-1],1,[11],[-1],0,True
mlc,18,3,8,2,21,9236,6,2,12,"[11,14,15]","[1,-1,1]",2,"[6,8]","[1,-1]",0,True
Actin,18,2,8,2,21,9236,4,4,16,"[13,16]","[1,1]",1,[6],[-1],0,True
Twi,18,2,8,3,22,9237,3,5,15,"[0,1]","[1,1]",2,"[9,17]","[1,-1]",0,True
Sna,18,1,8,3,22,9237,5,3,15,[0],[1],1,[3],[1],0,True
Fog,18,2,8,3,22,9237,3,5,15,"[1,2]","[1,1]",2,"[2,6]","[1,1]",0,True
FogR,18,1,8,3,22,9237,5,3,15,[3],[1],1,[3],[1],0,True
Cta,18,1,8,3,22,9237,4,4,16,[4],[1],5,"[2,5,12,15,16]","[-1,-1,-1,-1,-1]",0,True
GEF,18,1,8,3,22,9237,3,5,15,[5],[1],3,"[3,8,12]","[-1,-1,-1]",0,True
Csk,18,1,8,3,22,9237,3,5,15,[5],[1],1,[5],[1],0,True
Src,18,1,8,3,22,9237,4,4,16,[7],[-1],1,[7],[-1],0,True
GAP,18,2,8,3,22,9237,3,5,15,"[8,9]","[1,1]",3,"[2,15,17]","[1,1,1]",0,True
Rho,18,3,8,3,22,9237,7,1,7,"[6,9,12]","[1,-1,-1]",2,"[1,11]","[1,-1]",0,True
rock,18,1,8,3,22,9237,3,5,15,[10],[1],1,[10],[1],0,True
GDI,18,1,8,3,22,9237,6,2,12,[13],[-1],4,"[4,7,16,17]","[1,-1,1,-1]",0,True
Moe,18,3,8,3,22,9237,6,2,12,"[11,13,14]","[1,1,-1]",2,"[11,14]","[1,-1]",0,True
mlcp,18,1,8,3,22,9237,4,4,16,[11],[-1],5,"[3,9,10,16,17]","[1,-1,1,1,1]",0,True
mlc,18,3,8,3,22,9237,7,1,7,"[11,14,15]","[1,-1,1]",2,"[1,11]","[-1,1]",0,True
Actin,18,2,8,3,22,9237,5,3,15,"[13,16]","[1,1]",4,"[3,11,14,15]","[1,1,-1,-1]",0,True
Twi,18,2,8,4,23,9238,2,6,12,"[0,1]","[1,1]",2,"[2,5]","[-1,1]",0,True
Sna,18,1,8,4,23,9238,3,5,15,[0],[1],1,[0],[1],0,True
Fog,18,2,8,4,23,9238,3,5,15,"[1,2]","[1,1]",4,"[3,7,11,16]","[1,1,-1,1]",0,True
FogR,18,1,8,4,23,9238,3,5,15,[3],[1],1,[3],[1],0,True
Cta,18,1,8,4,23,9238,4,4,16,[4],[1],1,[4],[1],0,True
GEF,18,1,8,4,23,9238,5,3,15,[5],[1],1,[5],[1],0,True
Csk,18,1,8,4,23,9238,5,3,15,[5],[1],4,"[9,10,11,15]","[1,1,1,1]",0,True
Src,18,1,8,4,23,9238,5,3,15,[7],[-1],4,"[5,8,15,17]","[1,1,1,-1]",0,True
GAP,18,2,8,4,23,9238,3,5,15,"[8,9]","[1,1]",2,"[7,8]","[-1,1]",0,True
Rho,18,3,8,4,23,9238,6,2,12,"[6,9,12]","[1,-1,-1]",5,"[0,3,10,15,16]","[1,1,-1,1,-1]",0,True
rock,18,1,8,4,23,9238,4,4,16,[10],[1],1,[10],[1],0,True
GDI,18,1,8,4,23,9238,5,3,15,[13],[-1],3,"[5,10,15]","[1,-1,1]",0,True
Moe,18,3,8,4,23,9238,5,3,15,"[11,13,14]","[1,1,-1]",1,[15],[-1],0,True
mlcp,18,1,8,4,23,9238,4,4,16,[11],[-1],3,"[2,10,15]","[-1,1,1]",0,True
mlc,18,3,8,4,23,9238,7,1,7,"[11,14,15]","[1,-1,1]",2,"[7,13]","[1,-1]",0,True
Actin,18,2,8,4,23,9238,6,2,12,"[13,16]","[1,1]",2,"[15,16]","[-1,1]",0,True
Twi,18,2,8,5,24,9239,1,7,7,"[0,1]","[1,1]",3,"[1,2,12]","[1,-1,1]",0,True
Sna,18,1,8,5,24,9239,3,5,15,[0],[1],1,[0],[1],0,True
Fog,18,2,8,5,24,9239,2,6,12,"[1,2]","[1,1]",2,"[1,2]","[1,1]",0,True
FogR,18,1,8,5,24,9239,4,4,16,[3],[1],1,[3],[1],0,True
Cta,18,1,8,5,24,9239,4,4,16,[4],[1],4,"[2,8,15,16]","[-1,-1,-1,1]",0,True
GEF,18,1,8,5,24,9239,4,4,16,[5],[1],1,[5],[1],0,True
Csk,18,1,8,5,24,9239,4,4,16,[5],[1],1,[5],[1],0,True
Src,18,1,8,5,24,9239,1,7,7,[7],[-1],2,"[10,17]","[1,1]",0,True
GAP,18,2,8,5,24,9239,1,7,7,"[8,9]","[1,1]",2,"[2,16]","[-1,1]",0,True
Rho,18,3,8,5,24,9239,6,2,12,"[6,9,12]","[1,-1,-1]",5,"[2,4,11,14,16]","[-1,-1,1,1,1]",0,True
rock,18,1,8,5,24,9239,4,4,16,[10],[1],4,"[2,6,15,17]","[1,1,-1,-1]",0,True
GDI,18,1,8,5,24,9239,2,6,12,[13],[-1],1,[13],[-1],0,True
Moe,18,3,8,5,24,9239,7,1,7,"[11,13,14]","[1,1,-1]",3,"[0,4,8]","[1,1,1]",0,True
mlcp,18,1,8,5,24,9239,5,3,15,[11],[-1],3,"[2,5,10]","[1,-1,1]",0,True
mlc,18,3,8,5,24,9239,7,1,7,"[11,14,15]","[1,-1,1]",2,"[0,3]","[-1,-1]",0,True
Actin,18,2,8,5,24,9239,6,2,12,"[13,16]","[1,1]",3,"[5,6,9]","[1,-1,1]",0,True
Twi,18,2,8,6,25,9240,5,3,15,"[0,1]","[1,1]",3,"[1,3,9]","[1,-1,1]",0,True
Sna,18,1,8,6,25,9240,7,1,7,[0],[1],1,[0],[1],0,True
Fog,18,2,8,6,25,9240,2,6,12,"[1,2]","[1,1]",2,"[15,17]","[1,1]",0,True
FogR,18,1,8,6,25,9240,3,5,15,[3],[1],1,[3],[1],0,True
Cta,18,1,8,6,25,9240,5,3,15,[4],[1],4,"[8,11,16,17]","[-1,1,1,1]",0,True
GEF,18,1,8,6,25,9240,2,6,12,[5],[1],4,"[4,6,7,16]","[1,-1,-1,-1]",0,True
Csk,18,1,8,6,25,9240,2,6,12,[5],[1],4,"[1,3,15,17]","[1,-1,-1,1]",0,True
Src,18,1,8,6,25,9240,2,6,12,[7],[-1],4,"[1,2,5,13]","[-1,1,1,1]",0,True
GAP,18,2,8,6,25,9240,3,5,15,"[8,9]","[1,1]",3,"[2,5,8]","[1,1,1]",0,True
Rho,18,3,8,6,25,9240,6,2,12,"[6,9,12]","[1,-1,-1]",3,"[2,3,9]","[1,1,-1]",0,True
rock,18,1,8,6,25,9240,3,5,15,[10],[1],5,"[2,4,5,11,17]","[1,1,1,1,-1]",0,True
GDI,18,1,8,6,25,9240,5,3,15,[13],[-1],4,"[2,3,10,16]","[1,-1,1,-1]",0,True
Moe,18,3,8,6,25,9240,7,1,7,"[11,13,14]","[1,1,-1]",2,"[11,15]","[1,1]",0,True
mlcp,18,1,8,6,25,9240,5,3,15,[11],[-1],1,[11],[-1],0,True
mlc,18,3,8,6,25,9240,7,1,7,"[11,14,15]","[1,-1,1]",2,"[5,10]","[-1,-1]",0,True
Actin,18,2,8,6,25,9240,5,3,15,"[13,16]","[1,1]",1,[16],[1],0,True
Twi,18,2,8,7,26,9241,3,5,15,"[0,1]","[1,1]",2,"[7,17]","[-1,-1]",0,True
Sna,18,1,8,7,26,9241,5,3,15,[0],[1],5,"[1,4,9,12,15]","[1,1,1,-1,-1]",0,True
Fog,18,2,8,7,26,9241,1,7,7,"[1,2]","[1,1]",1,[5],[-1],0,True
FogR,18,1,8,7,26,9241,5,3,15,[3],[1],4,"[4,11,14,16]","[-1,1,1,1]",0,True
Cta,18,1,8,7,26,9241,4,4,16,[4],[1],4,"[6,8,10,11]","[1,-1,1,1]",0,True
GEF,18,1,8,7,26,9241,7,1,7,[5],[1],2,"[4,9]","[1,1]",0,True
Csk,18,1,8,7,26,9241,7,1,7,[5],[1],3,"[7,8,14]","[1,-1,-1]",0,True
Src,18,1,8,7,26,9241,5,3,15,[7],[-1],1,[7],[-1],0,True
GAP,18,2,8,7,26,9241,3,5,15,"[8,9]","[1,1]",3,"[6,12,16]","[-1,1,-1]",0,True
Rho,18,3,8,7,26,9241,6,2,12,"[6,9,12]","[1,-1,-1]",2,"[3,17]","[-1,-1]",0,True
rock,18,1,8,7,26,9241,3,5,15,[10],[1],1,[7],[1],0,True
GDI,18,1,8,7,26,9241,2,6,12,[13],[-1],3,"[1,2,17]","[1,1,1]",0,True
Moe,18,3,8,7,26,9241,7,1,7,"[11,13,14]","[1,1,-1]",2,"[9,13]","[1,1]",0,True
mlcp,18,1,8,7,26,9241,4,4,16,[11],[-1],1,[11],[-1],0,True
mlc,18,3,8,7,26,9241,6,2,12,"[11,14,15]","[1,-1,1]",2,"[3,11]","[-1,1]",0,True
Actin,18,2,8,7,26,9241,7,1,7,"[13,16]","[1,1]",3,"[3,10,17]","[-1,-1,-1]",0,True
Twi,18,2,8,8,27,9242,1,7,7,"[0,1]","[1,1]",2,"[5,13]","[-1,-1]",0,True
Sna,18,1,8,8,27,9242,4,4,16,[0],[1],1,[0],[1],0,True
Fog,18,2,8,8,27,9242,3,5,15,"[1,2]","[1,1]",3,"[8,14,17]","[-1,-1,-1]",0,True
FogR,18,1,8,8,27,9242,2,6,12,[3],[1],1,[7],[1],0,True
Cta,18,1,8,8,27,9242,2,6,12,[4],[1],3,"[1,12,16]","[-1,1,1]",0,True
GEF,18,1,8,8,27,9242,5,3,15,[5],[1],1,[5],[1],0,True
Csk,18,1,8,8,27,9242,5,3,15,[5],[1],2,"[2,16]","[-1,-1]",0,True
Src,18,1,8,8,27,9242,6,2,12,[7],[-1],3,"[8,11,13]","[1,1,-1]",0,True
GAP,18,2,8,8,27,9242,2,6,12,"[8,9]","[1,1]",4,"[2,7,13,17]","[-1,-1,1,-1]",0,True
Rho,18,3,8,8,27,9242,6,2,12,"[6,9,12]","[1,-1,-1]",3,"[2,8,16]","[1,-1,1]",0,True
rock,18,1,8,8,27,9242,3,5,15,[10],[1],1,[10],[1],0,True
GDI,18,1,8,8,27,9242,4,4,16,[13],[-1],4,"[3,10,15,17]","[-1,1,-1,-1]",0,True
Moe,18,3,8,8,27,9242,6,2,12,"[11,13,14]","[1,1,-1]",2,"[6,13]","[1,1]",0,True
mlcp,18,1,8,8,27,9242,5,3,15,[11],[-1],1,[11],[-1],0,True
mlc,18,3,8,8,27,9242,5,3,15,"[11,14,15]","[1,-1,1]",2,"[11,14]","[1,-1]",0,True
Actin,18,2,8,8,27,9242,7,1,7,"[13,16]","[1,1]",2,"[0,10]","[-1,-1]",0,True
Twi,18,2,8,9,28,9243,2,6,12,"[0,1]","[1,1]",3,"[1,6,17]","[1,1,1]",0,True
Sna,18,1,8,9,28,9243,5,3,15,[0],[1],2,"[2,4]","[-1,-1]",0,True
Fog,18,2,8,9,28,9243,1,7,7,"[1,2]","[1,1]",2,"[15,17]","[1,-1]",0,True
FogR,18,1,8,9,28,9243,1,7,7,[3],[1],3,"[5,13,17]","[1,-1,-1]",0,True
Cta,18,1,8,9,28,9243,2,6,12,[4],[1],1,[4],[1],0,True
GEF,18,1,8,9,28,9243,5,3,15,[5],[1],2,"[3,7]","[1,1]",0,True
Csk,18,1,8,9,28,9243,5,3,15,[5],[1],2,"[3,7]","[1,1]",0,True
Src,18,1,8,9,28,9243,4,4,16,[7],[-1],1,[7],[-1],0,True
GAP,18,2,8,9,28,9243,1,7,7,"[8,9]","[1,1]",2,"[7,11]","[-1,1]",0,True
Rho,18,3,8,9,28,9243,7,1,7,"[6,9,12]","[1,-1,-1]",2,"[0,15]","[-1,-1]",0,True
rock,18,1,8,9,28,9243,3,5,15,[10],[1],1,[10],[1],0,True
GDI,18,1,8,9,28,9243,4,4,16,[13],[-1],1,[13],[-1],0,True
Moe,18,3,8,9,28,9243,7,1,7,"[11,13,14]","[1,1,-1]",3,"[5,6,17]","[1,1,1]",0,True
mlcp,18,1,8,9,28,9243,5,3,15,[11],[-1],1,[11],[-1],0,True
mlc,18,3,8,9,28,9243,7,1,7,"[11,14,15]","[1,-1,1]",3,"[6,13,17]","[1,1,1]",0,True
Actin,18,2,8,9,28,9243,7,1,7,"[13,16]","[1,1]",2,"[1,15]","[-1,1]",0,True
Twi,18,2,8,10,29,9244,2,6,12,"[0,1]","[1,1]",2,"[7,17]","[-1,-1]",0,True
Sna,18,1,8,10,29,9244,5,3,15,[0],[1],1,[0],[1],0,True
Fog,18,2,8,10,29,9244,1,7,7,"[1,2]","[1,1]",2,"[9,14]","[1,1]",0,True
FogR,18,1,8,10,29,9244,7,1,7,[3],[1],4,"[2,6,8,13]","[1,1,-1,1]",0,True
Cta,18,1,8,10,29,9244,3,5,15,[4],[1],3,"[1,3,13]","[1,-1,1]",0,True
GEF,18,1,8,10,29,9244,3,5,15,[5],[1],1,[5],[1],0,True
Csk,18,1,8,10,29,9244,3,5,15,[5],[1],1,[5],[1],0,True
Src,18,1,8,10,29,9244,6,2,12,[7],[-1],1,[7],[-1],0,True
GAP,18,2,8,10,29,9244,2,6,12,"[8,9]","[1,1]",2,"[6,9]","[-1,1]",0,True
Rho,18,3,8,10,29,9244,7,1,7,"[6,9,12]","[1,-1,-1]",3,"[13,14,17]","[1,1,-1]",0,True
rock,18,1,8,10,29,9244,4,4,16,[10],[1],1,[10],[1],0,True
GDI,18,1,8,10,29,9244,5,3,15,[13],[-1],1,[13],[-1],0,True
Moe,18,3,8,10,29,9244,7,1,7,"[11,13,14]","[1,1,-1]",2,"[2,6]","[-1,1]",0,True
mlcp,18,1,8,10,29,9244,5,3,15,[11],[-1],2,"[7,10]","[1,-1]",0,True
mlc,18,3,8,10,29,9244,7,1,7,"[11,14,15]","[1,-1,1]",2,"[2,6]","[-1,-1]",0,True
Actin,18,2,8,10,29,9244,6,2,12,"[13,16]","[1,1]",2,"[5,12]","[1,-1]",0,True
Twi,18,2,8,11,30,9245,3,5,15,"[0,1]","[1,1]",4,"[2,3,12,15]","[-1,1,1,-1]",0,True
Sna,18,1,8,11,30,9245,3,5,15,[0],[1],1,[0],[1],0,True
Fog,18,2,8,11,30,9245,4,4,16,"[1,2]","[1,1]",1,[2],[1],0,True
FogR,18,1,8,11,30,9245,4,4,16,[3],[1],4,"[0,8,12,17]","[1,1,-1,-1]",0,True
Cta,18,1,8,11,30,9245,3,5,15,[4],[1],1,[4],[1],0,True
GEF,18,1,8,11,30,9245,2,6,12,[5],[1],4,"[4,6,9,15]","[1,1,1,-1]",0,True
Csk,18,1,8,11,30,9245,2,6,12,[5],[1],1,[5],[1],0,True
Src,18,1,8,11,30,9245,1,7,7,[7],[-1],1,[7],[-1],0,True
GAP,18,2,8,11,30,9245,2,6,12,"[8,9]","[1,1]",3,"[0,10,11]","[-1,-1,-1]",0,True
Rho,18,3,8,11,30,9245,7,1,7,"[6,9,12]","[1,-1,-1]",1,[7],[1],0,True
rock,18,1,8,11,30,9245,6,2,12,[10],[1],1,[10],[1],0,True
GDI,18,1,8,11,30,9245,7,1,7,[13],[-1],2,"[12,17]","[1,1]",0,True
Moe,18,3,8,11,30,9245,6,2,12,"[11,13,14]","[1,1,-1]",1,[11],[1],0,True
mlcp,18,1,8,11,30,9245,2,6,12,[11],[-1],1,[11],[-1],0,True
mlc,18,3,8,11,30,9245,6,2,12,"[11,14,15]","[1,-1,1]",4,"[0,1,9,17]","[-1,-1,-1,1]",0,True
Actin,18,2,8,11,30,9245,6,2,12,"[13,16]","[1,1]",4,"[2,3,12,17]","[-1,1,1,1]",0,True
Twi,18,2,8,12,31,9246,3,5,15,"[0,1]","[1,1]",2,"[6,8]","[1,1]",0,True
Sna,18,1,8,12,31,9246,6,2,12,[0],[1],3,"[3,6,14]","[1,1,-1]",0,True
Fog,18,2,8,12,31,9246,2,6,12,"[1,2]","[1,1]",4,"[8,9,11,13]","[-1,1,1,1]",0,True
FogR,18,1,8,12,31,9246,2,6,12,[3],[1],1,[3],[1],0,True
Cta,18,1,8,12,31,9246,4,4,16,[4],[1],4,"[6,7,8,17]","[1,-1,-1,-1]",0,True
GEF,18,1,8,12,31,9246,3,5,15,[5],[1],4,"[1,3,14,15]","[-1,-1,-1,-1]",0,True
Csk,18,1,8,12,31,9246,3,5,15,[5],[1],1,[5],[1],0,True
Src,18,1,8,12,31,9246,6,2,12,[7],[-1],3,"[6,12,15]","[-1,1,-1]",0,True
GAP,18,2,8,12,31,9246,3,5,15,"[8,9]","[1,1]",2,"[9,15]","[1,1]",0,True
Rho,18,3,8,12,31,9246,6,2,12,"[6,9,12]","[1,-1,-1]",2,"[2,14]","[-1,-1]",0,True
rock,18,1,8,12,31,9246,7,1,7,[10],[1],3,"[0,6,8]","[-1,1,1]",0,True
GDI,18,1,8,12,31,9246,5,3,15,[13],[-1],1,[13],[-1],0,True
Moe,18,3,8,12,31,9246,6,2,12,"[11,13,14]","[1,1,-1]",4,"[0,2,3,5]","[1,1,-1,1]",0,True
mlcp,18,1,8,12,31,9246,7,1,7,[11],[-1],1,[11],[-1],0,True
mlc,18,3,8,12,31,9246,5,3,15,"[11,14,15]","[1,-1,1]",2,"[14,15]","[-1,1]",0,True
Actin,18,2,8,12,31,9246,6,2,12,"[13,16]","[1,1]",2,"[4,17]","[1,-1]",0,True
Twi,18,2,8,13,32,9247,1,7,7,"[0,1]","[1,1]",3,"[0,8,12]","[1,-1,-1]",0,True
Sna,18,1,8,13,32,9247,4,4,16,[0],[1],3,"[1,5,10]","[-1,-1,-1]",0,True
Fog,18,2,8,13,32,9247,2,6,12,"[1,2]","[1,1]",2,"[12,14]","[-1,-1]",0,True
FogR,18,1,8,13,32,9247,3,5,15,[3],[1],3,"[2,7,17]","[1,-1,1]",0,True
Cta,18,1,8,13,32,9247,2,6,12,[4],[1],1,[4],[1],0,True
GEF,18,1,8,13,32,9247,4,4,16,[5],[1],1,[5],[1],0,True
Csk,18,1,8,13,32,9247,4,4,16,[5],[1],3,"[6,8,12]","[1,-1,-1]",0,True
Src,18,1,8,13,32,9247,3,5,15,[7],[-1],1,[7],[-1],0,True
GAP,18,2,8,13,32,9247,1,7,7,"[8,9]","[1,1]",2,"[8,11]","[1,-1]",0,True
Rho,18,3,8,13,32,9247,7,1,7,"[6,9,12]","[1,-1,-1]",1,[13],[-1],0,True
rock,18,1,8,13,32,9247,2,6,12,[10],[1],3,"[0,4,17]","[-1,1,-1]",0,True
GDI,18,1,8,13,32,9247,7,1,7,[13],[-1],1,[13],[-1],0,True
Moe,18,3,8,13,32,9247,6,2,12,"[11,13,14]","[1,1,-1]",1,[11],[1],0,True
mlcp,18,1,8,13,32,9247,2,6,12,[11],[-1],1,[11],[-1],0,True
mlc,18,3,8,13,32,9247,7,1,7,"[11,14,15]","[1,-1,1]",2,"[5,14]","[1,-1]",0,True
Actin,18,2,8,13,32,9247,4,4,16,"[13,16]","[1,1]",3,"[1,4,17]","[-1,1,1]",0,True
Twi,18,2,8,14,33,9248,4,4,16,"[0,1]","[1,1]",3,"[3,5,7]","[-1,1,1]",0,True
Sna,18,1,8,14,33,9248,7,1,7,[0],[1],1,[0],[1],0,True
Fog,18,2,8,14,33,9248,2,6,12,"[1,2]","[1,1]",2,"[1,2]","[1,1]",0,True
FogR,18,1,8,14,33,9248,4,4,16,[3],[1],1,[3],[1],0,True
Cta,18,1,8,14,33,9248,4,4,16,[4],[1],1,[4],[1],0,True
GEF,18,1,8,14,33,9248,2,6,12,[5],[1],2,"[1,12]","[1,1]",0,True
Csk,18,1,8,14,33,9248,2,6,12,[5],[1],2,"[1,12]","[1,1]",0,True
Src,18,1,8,14,33,9248,4,4,16,[7],[-1],1,[7],[-1],0,True
GAP,18,2,8,14,33,9248,3,5,15,"[8,9]","[1,1]",3,"[14,15,16]","[1,-1,-1]",0,True
Rho,18,3,8,14,33,9248,6,2,12,"[6,9,12]","[1,-1,-1]",2,"[6,14]","[1,-1]",0,True
rock,18,1,8,14,33,9248,3,5,15,[10],[1],1,[10],[1],0,True
GDI,18,1,8,14,33,9248,6,2,12,[13],[-1],2,"[1,11]","[-1,-1]",0,True
Moe,18,3,8,14,33,9248,6,2,12,"[11,13,14]","[1,1,-1]",3,"[1,3,4]","[1,1,-1]",0,True
mlcp,18,1,8,14,33,9248,5,3,15,[11],[-1],3,"[2,5,14]","[-1,-1,-1]",0,True
mlc,18,3,8,14,33,9248,7,1,7,"[11,14,15]","[1,-1,1]",2,"[12,17]","[-1,1]",0,True
Actin,18,2,8,14,33,9248,4,4,16,"[13,16]","[1,1]",1,[16],[1],0,True
Twi,18,2,8,15,34,9249,3,5,15,"[0,1]","[1,1]",3,"[3,12,15]","[-1,1,1]",0,True
Sna,18,1,8,15,34,9249,5,3,15,[0],[1],1,[0],[1],0,True
Fog,18,2,8,15,34,9249,2,6,12,"[1,2]","[1,1]",2,"[9,14]","[1,1]",0,True
FogR,18,1,8,15,34,9249,5,3,15,[3],[1],1,[3],[1],0,True
Cta,18,1,8,15,34,9249,5,3,15,[4],[1],3,"[5,8,12]","[1,1,-1]",0,True
GEF,18,1,8,15,34,9249,4,4,16,[5],[1],2,"[11,13]","[1,1]",0,True
Csk,18,1,8,15,34,9249,4,4,16,[5],[1],1,[5],[1],0,True
Src,18,1,8,15,34,9249,3,5,15,[7],[-1],3,"[5,8,9]","[-1,1,-1]",0,True
GAP,18,2,8,15,34,9249,1,7,7,"[8,9]","[1,1]",2,"[6,8]","[-1,1]",0,True
Rho,18,3,8,15,34,9249,7,1,7,"[6,9,12]","[1,-1,-1]",2,"[3,6]","[1,1]",0,True
rock,18,1,8,15,34,9249,5,3,15,[10],[1],1,[10],[1],0,True
GDI,18,1,8,15,34,9249,6,2,12,[13],[-1],1,[13],[-1],0,True
Moe,18,3,8,15,34,9249,6,2,12,"[11,13,14]","[1,1,-1]",2,"[2,10]","[-1,-1]",0,True
mlcp,18,1,8,15,34,9249,5,3,15,[11],[-1],2,"[4,7]","[-1,-1]",0,True
mlc,18,3,8,15,34,9249,6,2,12,"[11,14,15]","[1,-1,1]",2,"[0,2]","[-1,-1]",0,True
Actin,18,2,8,15,34,9249,7,1,7,"[13,16]","[1,1]",2,"[0,10]","[1,1]",0,True
Twi,18,2,8,16,35,9250,1,7,7,"[0,1]","[1,1]",2,"[2,3]","[-1,1]",0,True
Sna,18,1,8,16,35,9250,5,3,15,[0],[1],2,"[1,6]","[-1,-1]",0,True
Fog,18,2,8,16,35,9250,2,6,12,"[1,2]","[1,1]",2,"[0,4]","[-1,1]",0,True
FogR,18,1,8,16,35,9250,6,2,12,[3],[1],2,"[12,13]","[1,-1]",0,True
Cta,18,1,8,16,35,9250,6,2,12,[4],[1],2,"[9,12]","[1,1]",0,True
GEF,18,1,8,16,35,9250,1,7,7,[5],[1],1,[5],[1],0,True
Csk,18,1,8,16,35,9250,1,7,7,[5],[1],2,"[6,11]","[-1,1]",0,True
Src,18,1,8,16,35,9250,1,7,7,[7],[-1],1,[7],[-1],0,True
GAP,18,2,8,16,35,9250,1,7,7,"[8,9]","[1,1]",2,"[0,14]","[-1,-1]",0,True
Rho,18,3,8,16,35,9250,7,1,7,"[6,9,12]","[1,-1,-1]",2,"[6,8]","[1,1]",0,True
rock,18,1,8,16,35,9250,4,4,16,[10],[1],1,[10],[1],0,True
GDI,18,1,8,16,35,9250,4,4,16,[13],[-1],1,[13],[-1],0,True
Moe,18,3,8,16,35,9250,6,2,12,"[11,13,14]","[1,1,-1]",2,"[11,13]","[1,1]",0,True
mlcp,18,1,8,16,35,9250,3,5,15,[11],[-1],2,"[3,14]","[1,1]",0,True
mlc,18,3,8,16,35,9250,7,1,7,"[11,14,15]","[1,-1,1]",2,"[6,13]","[1,-1]",0,True
Actin,18,2,8,16,35,9250,7,1,7,"[13,16]","[1,1]",3,"[1,6,16]","[1,1,1]",0,True
Twi,18,2,8,17,36,9251,2,6,12,"[0,1]","[1,1]",4,"[3,7,10,17]","[-1,-1,1,1]",0,True
Sna,18,1,8,17,36,9251,3,5,15,[0],[1],1,[0],[1],0,True
Fog,18,2,8,17,36,9251,2,6,12,"[1,2]","[1,1]",2,"[14,16]","[1,-1]",0,True
FogR,18,1,8,17,36,9251,6,2,12,[3],[1],2,"[7,10]","[-1,1]",0,True
Cta,18,1,8,17,36,9251,3,5,15,[4],[1],1,[4],[1],0,True
GEF,18,1,8,17,36,9251,4,4,16,[5],[1],4,"[1,4,11,15]","[1,1,1,1]",0,True
Csk,18,1,8,17,36,9251,4,4,16,[5],[1],1,[5],[1],0,True
Src,18,1,8,17,36,9251,3,5,15,[7],[-1],1,[7],[-1],0,True
GAP,18,2,8,17,36,9251,3,5,15,"[8,9]","[1,1]",3,"[6,10,16]","[-1,1,-1]",0,True
Rho,18,3,8,17,36,9251,6,2,12,"[6,9,12]","[1,-1,-1]",3,"[1,5,6]","[-1,-1,1]",0,True
rock,18,1,8,17,36,9251,4,4,16,[10],[1],1,[10],[1],0,True
GDI,18,1,8,17,36,9251,6,2,12,[13],[-1],2,"[0,7]","[-1,1]",0,True
Moe,18,3,8,17,36,9251,5,3,15,"[11,13,14]","[1,1,-1]",3,"[3,11,15]","[1,1,1]",0,True
mlcp,18,1,8,17,36,9251,4,4,16,[11],[-1],3,"[1,7,8]","[1,1,-1]",0,True
mlc,18,3,8,17,36,9251,6,2,12,"[11,14,15]","[1,-1,1]",2,"[5,8]","[1,-1]",0,True
Actin,18,2,8,17,36,9251,6,2,12,"[13,16]","[1,1]",3,"[3,12,15]","[1,-1,1]",0,True
Twi,18,2,8,18,37,9252,3,5,15,"[0,1]","[1,1]",2,"[0,1]","[1,1]",0,True
Sna,18,1,8,18,37,9252,4,4,16,[0],[1],1,[0],[1],0,True
Fog,18,2,8,18,37,9252,5,3,15,"[1,2]","[1,1]",1,[1],[1],0,True
FogR,18,1,8,18,37,9252,6,2,12,[3],[1],2,"[1,15]","[-1,-1]",0,True
Cta,18,1,8,18,37,9252,5,3,15,[4],[1],1,[4],[1],0,True
GEF,18,1,8,18,37,9252,2,6,12,[5],[1],3,"[4,9,17]","[-1,1,-1]",0,True
Csk,18,1,8,18,37,9252,2,6,12,[5],[1],1,[5],[1],0,True
Src,18,1,8,18,37,9252,3,5,15,[7],[-1],3,"[0,4,11]","[1,1,-1]",0,True
GAP,18,2,8,18,37,9252,2,6,12,"[8,9]","[1,1]",1,[5],[1],0,True
Rho,18,3,8,18,37,9252,7,1,7,"[6,9,12]","[1,-1,-1]",2,"[0,14]","[1,1]",0,True
rock,18,1,8,18,37,9252,2,6,12,[10],[1],1,[10],[1],0,True
GDI,18,1,8,18,37,9252,3,5,15,[13],[-1],1,[13],[-1],0,True
Moe,18,3,8,18,37,9252,7,1,7,"[11,13,14]","[1,1,-1]",1,[2],[1],0,True
mlcp,18,1,8,18,37,9252,2,6,12,[11],[-1],3,"[1,8,15]","[-1,-1,1]",0,True
mlc,18,3,8,18,37,9252,7,1,7,"[11,14,15]","[1,-1,1]",1,[2],[1],0,True
Actin,18,2,8,18,37,9252,7,1,7,"[13,16]","[1,1]",2,"[14,16]","[1,1]",0,True
Twi,18,2,8,19,38,9253,1,7,7,"[0,1]","[1,1]",2,"[3,5]","[1,-1]",0,True
Sna,18,1,8,19,38,9253,4,4,16,[0],[1],3,"[4,7,10]","[1,1,1]",0,True
Fog,18,2,8,19,38,9253,2,6,12,"[1,2]","[1,1]",2,"[8,16]","[-1,1]",0,True
FogR,18,1,8,19,38,9253,2,6,12,[3],[1],3,"[4,10,16]","[1,1,1]",0,True
Cta,18,1,8,19,38,9253,5,3,15,[4],[1],1,[4],[1],0,True
GEF,18,1,8,19,38,9253,5,3,15,[5],[1],1,[5],[1],0,True
Csk,18,1,8,19,38,9253,5,3,15,[5],[1],3,"[7,13,16]","[-1,1,-1]",0,True
Src,18,1,8,19,38,9253,4,4,16,[7],[-1],1,[7],[-1],0,True
GAP,18,2,8,19,38,9253,3,5,15,"[8,9]","[1,1]",3,"[0,8,12]","[1,1,1]",0,True
Rho,18,3,8,19,38,9253,7,1,7,"[6,9,12]","[1,-1,-1]",2,"[7,16]","[1,1]",0,True
rock,18,1,8,19,38,9253,5,3,15,[10],[1],3,"[0,8,9]","[1,1,1]",0,True
GDI,18,1,8,19,38,9253,4,4,16,[13],[-1],5,"[1,2,3,10,12]","[1,1,-1,1,-1]",0,True
Moe,18,3,8,19,38,9253,7,1,7,"[11,13,14]","[1,1,-1]",2,"[11,12]","[1,1]",0,True
mlcp,18,1,8,19,38,9253,3,5,15,[11],[-1],1,[11],[-1],0,True
mlc,18,3,8,19,38,9253,6,2,12,"[11,14,15]","[1,-1,1]",4,"[0,6,7,15]","[1,1,1,1]",0,True
Actin,18,2,8,19,38,9253,5,3,15,"[13,16]","[1,1]",3,"[2,13,15]","[1,1,-1]",0,True
Twi,18,2,8,20,39,9254,3,5,15,"[0,1]","[1,1]",4,"[0,11,15,17]","[1,-1,1,1]",0,True
Sna,18,1,8,20,39,9254,5,3,15,[0],[1],3,"[1,6,12]","[1,-1,1]",0,True
Fog,18,2,8,20,39,9254,2,6,12,"[1,2]","[1,1]",3,"[1,14,16]","[1,1,-1]",0,True
FogR,18,1,8,20,39,9254,2,6,12,[3],[1],1,[3],[1],0,True
Cta,18,1,8,20,39,9254,3,5,15,[4],[1],4,"[0,1,10,16]","[-1,1,-1,-1]",0,True
GEF,18,1,8,20,39,9254,4,4,16,[5],[1],1,[5],[1],0,True
Csk,18,1,8,20,39,9254,4,4,16,[5],[1],1,[5],[1],0,True
Src,18,1,8,20,39,9254,3,5,15,[7],[-1],1,[7],[-1],0,True
GAP,18,2,8,20,39,9254,1,7,7,"[8,9]","[1,1]",2,"[9,15]","[1,-1]",0,True
Rho,18,3,8,20,39,9254,7,1,7,"[6,9,12]","[1,-1,-1]",2,"[11,15]","[-1,1]",0,True
rock,18,1,8,20,39,9254,6,2,12,[10],[1],1,[10],[1],0,True
GDI,18,1,8,20,39,9254,5,3,15,[13],[-1],4,"[4,6,7,15]","[-1,1,-1,1]",0,True
Moe,18,3,8,20,39,9254,6,2,12,"[11,13,14]","[1,1,-1]",4,"[4,7,15,17]","[1,-1,1,1]",0,True
mlcp,18,1,8,20,39,9254,5,3,15,[11],[-1],1,[11],[-1],0,True
mlc,18,3,8,20,39,9254,7,1,7,"[11,14,15]","[1,-1,1]",2,"[8,15]","[1,1]",0,True
Actin,18,2,8,20,39,9254,6,2,12,"[13,16]","[1,1]",2,"[7,13]","[1,1]",0,True
Twi,18,2,16,1,40,17235,4,12,48,"[0,1]","[1,1]",4,"[2,4,10,15]","[1,-1,-1,1]",0,True
Sna,18,1,16,1,40,17235,9,7,63,[0],[1],1,[0],[1],0,True
Fog,18,2,16,1,40,17235,5,11,55,"[1,2]","[1,1]",3,"[2,7,8]","[1,-1,1]",0,True
FogR,18,1,16,1,40,17235,8,8,64,[3],[1],1,[3],[1],0,True
Cta,18,1,16,1,40,17235,10,6,60,[4],[1],1,[4],[1],0,True
GEF,18,1,16,1,40,17235,10,6,60,[5],[1],1,[5],[1],0,True
Csk,18,1,16,1,40,17235,10,6,60,[5],[1],1,[5],[1],0,True
Src,18,1,16,1,40,17235,8,8,64,[7],[-1],1,[7],[-1],0,True
GAP,18,2,16,1,40,17235,3,13,39,"[8,9]","[1,1]",2,"[8,9]","[1,1]",0,True
Rho,18,3,16,1,40,17235,14,2,28,"[6,9,12]","[1,-1,-1]",3,"[4,6,9]","[-1,1,-1]",0,True
rock,18,1,16,1,40,17235,7,9,63,[10],[1],1,[10],[1],0,True
GDI,18,1,16,1,40,17235,8,8,64,[13],[-1],1,[13],[-1],0,True
Moe,18,3,16,1,40,17235,14,2,28,"[11,13,14]","[1,1,-1]",2,"[1,15]","[1,-1]",0,True
mlcp,18,1,16,1,40,17235,6,10,60,[11],[-1],3,"[3,4,5]","[-1,-1,-1]",0,True
mlc,18,3,16,1,40,17235,15,1,15,"[11,14,15]","[1,-1,1]",3,"[5,15,17]","[1,1,1]",0,True
Actin,18,2,16,1,40,17235,14,2,28,"[13,16]","[1,1]",5,"[0,5,8,14,15]","[1,1,-1,-1,1]",0,True
Twi,18,2,16,2,41,17236,4,12,48,"[0,1]","[1,1]",3,"[1,9,11]","[1,1,1]",0,True
Sna,18,1,16,2,41,17236,12,4,48,[0],[1],1,[0],[1],0,True
Fog,18,2,16,2,41,17236,2,14,28,"[1,2]","[1,1]",5,"[3,4,10,12,17]","[-1,-1,1,1,1]",0,True
FogR,18,1,16,2,41,17236,9,7,63,[3],[1],1,[3],[1],0,True
Cta,18,1,16,2,41,17236,9,7,63,[4],[1],1,[4],[1],0,True
GEF,18,1,16,2,41,17236,9,7,63,[5],[1],1,[5],[1],0,True
Csk,18,1,16,2,41,17236,9,7,63,[5],[1],1,[5],[1],0,True
Src,18,1,16,2,41,17236,10,6,60,[7],[-1],1,[7],[-1],0,True
GAP,18,2,16,2,41,17236,2,14,28,"[8,9]","[1,1]",2,"[8,9]","[1,1]",0,True
Rho,18,3,16,2,41,17236,12,4,48,"[6,9,12]","[1,-1,-1]",4,"[1,3,9,12]","[1,1,-1,-1]",0,True
rock,18,1,16,2,41,17236,9,7,63,[10],[1],1,[10],[1],0,True
GDI,18,1,16,2,41,17236,10,6,60,[13],[-1],1,[13],[-1],0,True
Moe,18,3,16,2,41,17236,15,1,15,"[11,13,14]","[1,1,-1]",3,"[2,7,14]","[1,-1,-1]",0,True
mlcp,18,1,16,2,41,17236,10,6,60,[11],[-1],1,[11],[-1],0,True
mlc,18,3,16,2,41,17236,15,1,15,"[11,14,15]","[1,-1,1]",3,"[4,8,13]","[1,-1,1]",0,True
Actin,18,2,16,2,41,17236,10,6,60,"[13,16]","[1,1]",2,"[13,16]","[1,1]",0,True
Twi,18,2,16,3,42,17237,5,11,55,"[0,1]","[1,1]",2,"[0,1]","[1,1]",0,True
Sna,18,1,16,3,42,17237,8,8,64,[0],[1],1,[0],[1],0,True
Fog,18,2,16,3,42,17237,4,12,48,"[1,2]","[1,1]",5,"[0,2,4,9,17]","[1,1,-1,-1,1]",0,True
FogR,18,1,16,3,42,17237,9,7,63,[3],[1],1,[3],[1],0,True
Cta,18,1,16,3,42,17237,6,10,60,[4],[1],1,[4],[1],0,True
GEF,18,1,16,3,42,17237,6,10,60,[5],[1],1,[5],[1],0,True
Csk,18,1,16,3,42,17237,6,10,60,[5],[1],6,"[0,2,8,9,12,17]","[-1,1,-1,-1,1,-1]",0,True
Src,18,1,16,3,42,17237,5,11,55,[7],[-1],1,[7],[-1],0,True
GAP,18,2,16,3,42,17237,3,13,39,"[8,9]","[1,1]",3,"[2,6,16]","[-1,1,-1]",0,True
Rho,18,3,16,3,42,17237,15,1,15,"[6,9,12]","[1,-1,-1]",3,"[3,8,16]","[-1,1,-1]",0,True
rock,18,1,16,3,42,17237,5,11,55,[10],[1],1,[10],[1],0,True
GDI,18,1,16,3,42,17237,7,9,63,[13],[-1],1,[13],[-1],0,True
Moe,18,3,16,3,42,17237,14,2,28,"[11,13,14]","[1,1,-1]",3,"[6,8,13]","[1,1,1]",0,True
mlcp,18,1,16,3,42,17237,7,9,63,[11],[-1],1,[11],[-1],0,True
mlc,18,3,16,3,42,17237,15,1,15,"[11,14,15]","[1,-1,1]",3,"[11,12,13]","[1,1,1]",0,True
Actin,18,2,16,3,42,17237,11,5,55,"[13,16]","[1,1]",4,"[1,6,11,13]","[-1,1,-1,1]",0,True
Twi,18,2,16,4,43,17238,3,13,39,"[0,1]","[1,1]",5,"[3,7,10,13,16]","[1,1,-1,-1,1]",0,True
Sna,18,1,16,4,43,17238,7,9,63,[0],[1],1,[0],[1],0,True
Fog,18,2,16,4,43,17238,4,12,48,"[1,2]","[1,1]",4,"[1,8,10,15]","[1,1,-1,-1]",0,True
FogR,18,1,16,4,43,17238,9,7,63,[3],[1],1,[3],[1],0,True
Cta,18,1,16,4,43,17238,6,10,60,[4],[1],1,[4],[1],0,True
GEF,18,1,16,4,43,17238,9,7,63,[5],[1],1,[5],[1],0,True
Csk,18,1,16,4,43,17238,9,7,63,[5],[1],1,[5],[1],0,True
Src,18,1,16,4,43,17238,10,6,60,[7],[-1],1,[7],[-1],0,True
GAP,18,2,16,4,43,17238,5,11,55,"[8,9]","[1,1]",3,"[3,8,10]","[-1,1,1]",0,True
Rho,18,3,16,4,43,17238,15,1,15,"[6,9,12]","[1,-1,-1]",3,"[0,5,8]","[-1,1,-1]",0,True
rock,18,1,16,4,43,17238,9,7,63,[10],[1],1,[10],[1],0,True
GDI,18,1,16,4,43,17238,9,7,63,[13],[-1],4,"[3,7,8,14]","[-1,-1,1,1]",0,True
Moe,18,3,16,4,43,17238,12,4,48,"[11,13,14]","[1,1,-1]",5,"[0,1,2,12,17]","[1,-1,-1,1,-1]",0,True
mlcp,18,1,16,4,43,17238,8,8,64,[11],[-1],1,[11],[-1],0,True
mlc,18,3,16,4,43,17238,13,3,39,"[11,14,15]","[1,-1,1]",6,"[0,2,4,5,10,15]","[-1,-1,-1,-1,-1,1]",0,True
Actin,18,2,16,4,43,17238,10,6,60,"[13,16]","[1,1]",5,"[1,6,7,11,13]","[-1,-1,1,1,1]",0,True
Twi,18,2,16,5,44,17239,3,13,39,"[0,1]","[1,1]",2,"[0,1]","[1,1]",0,True
Sna,18,1,16,5,44,17239,8,8,64,[0],[1],4,"[8,10,12,16]","[-1,-1,1,1]",0,True
Fog,18,2,16,5,44,17239,7,9,63,"[1,2]","[1,1]",3,"[1,3,15]","[1,-1,-1]",0,True
FogR,18,1,16,5,44,17239,9,7,63,[3],[1],1,[3],[1],0,True
Cta,18,1,16,5,44,17239,9,7,63,[4],[1],1,[4],[1],0,True
GEF,18,1,16,5,44,17239,6,10,60,[5],[1],1,[5],[1],0,True
Csk,18,1,16,5,44,17239,6,10,60,[5],[1],5,"[0,8,11,12,13]","[1,-1,1,-1,1]",0,True
Src,18,1,16,5,44,17239,5,11,55,[7],[-1],1,[7],[-1],0,True
GAP,18,2,16,5,44,17239,1,15,15,"[8,9]","[1,1]",2,"[6,15]","[-1,-1]",0,True
Rho,18,3,16,5,44,17239,15,1,15,"[6,9,12]","[1,-1,-1]",3,"[10,14,15]","[-1,-1,1]",0,True
rock,18,1,16,5,44,17239,4,12,48,[10],[1],1,[10],[1],0,True
GDI,18,1,16,5,44,17239,9,7,63,[13],[-1],1,[13],[-1],0,True
Moe,18,3,16,5,44,17239,14,2,28,"[11,13,14]","[1,1,-1]",3,"[0,13,14]","[1,1,-1]",0,True
mlcp,18,1,16,5,44,17239,8,8,64,[11],[-1],1,[11],[-1],0,True
mlc,18,3,16,5,44,17239,15,1,15,"[11,14,15]","[1,-1,1]",2,"[3,15]","[1,1]",0,True
Actin,18,2,16,5,44,17239,14,2,28,"[13,16]","[1,1]",4,"[1,5,7,13]","[-1,1,-1,1]",0,True
Twi,18,2,16,6,45,17240,2,14,28,"[0,1]","[1,1]",2,"[11,12]","[-1,-1]",0,True
Sna,18,1,16,6,45,17240,5,11,55,[0],[1],1,[0],[1],0,True
Fog,18,2,16,6,45,17240,4,12,48,"[1,2]","[1,1]",5,"[3,4,10,11,17]","[1,-1,-1,-1,1]",0,True
FogR,18,1,16,6,45,17240,7,9,63,[3],[1],1,[3],[1],0,True
Cta,18,1,16,6,45,17240,5,11,55,[4],[1],1,[4],[1],0,True
GEF,18,1,16,6,45,17240,8,8,64,[5],[1],1,[5],[1],0,True
Csk,18,1,16,6,45,17240,8,8,64,[5],[1],1,[5],[1],0,True
Src,18,1,16,6,45,17240,9,7,63,[7],[-1],1,[7],[-1],0,True
GAP,18,2,16,6,45,17240,4,12,48,"[8,9]","[1,1]",3,"[0,5,8]","[1,1,1]",0,True
Rho,18,3,16,6,45,17240,13,3,39,"[6,9,12]","[1,-1,-1]",3,"[5,7,17]","[-1,1,1]",0,True
rock,18,1,16,6,45,17240,9,7,63,[10],[1],1,[10],[1],0,True
GDI,18,1,16,6,45,17240,6,10,60,[13],[-1],1,[13],[-1],0,True
Moe,18,3,16,6,45,17240,15,1,15,"[11,13,14]","[1,1,-1]",4,"[12,14,15,16]","[-1,-1,1,-1]",0,True
mlcp,18,1,16,6,45,17240,8,8,64,[11],[-1],1,[11],[-1],0,True
mlc,18,3,16,6,45,17240,13,3,39,"[11,14,15]","[1,-1,1]",6,"[4,5,8,14,16,17]","[1,-1,1,-1,-1,1]",0,True
Actin,18,2,16,6,45,17240,14,2,28,"[13,16]","[1,1]",3,"[1,11,13]","[1,-1,1]",0,True
Twi,18,2,16,7,46,17241,2,14,28,"[0,1]","[1,1]",2,"[2,7]","[1,1]",0,True
Sna,18,1,16,7,46,17241,6,10,60,[0],[1],4,"[7,8,14,15]","[1,1,-1,1]",0,True
Fog,18,2,16,7,46,17241,7,9,63,"[1,2]","[1,1]",2,"[1,2]","[1,1]",0,True
FogR,18,1,16,7,46,17241,9,7,63,[3],[1],1,[3],[1],0,True
Cta,18,1,16,7,46,17241,6,10,60,[4],[1],1,[4],[1],0,True
GEF,18,1,16,7,46,17241,4,12,48,[5],[1],6,"[3,6,7,11,13,14]","[-1,-1,-1,-1,1,1]",0,True
Csk,18,1,16,7,46,17241,4,12,48,[5],[1],1,[5],[1],0,True
Src,18,1,16,7,46,17241,10,6,60,[7],[-1],1,[7],[-1],0,True
GAP,18,2,16,7,46,17241,4,12,48,"[8,9]","[1,1]",6,"[0,6,9,15,16,17]","[1,1,1,1,1,-1]",0,True
Rho,18,3,16,7,46,17241,11,5,55,"[6,9,12]","[1,-1,-1]",5,"[1,2,11,14,16]","[-1,1,1,-1,-1]",0,True
rock,18,1,16,7,46,17241,13,3,39,[10],[1],4,"[0,2,13,17]","[1,1,-1,-1]",0,True
GDI,18,1,16,7,46,17241,10,6,60,[13],[-1],1,[13],[-1],0,True
Moe,18,3,16,7,46,17241,15,1,15,"[11,13,14]","[1,1,-1]",3,"[0,3,14]","[-1,-1,-1]",0,True
mlcp,18,1,16,7,46,17241,9,7,63,[11],[-1],4,"[5,7,12,15]","[1,1,1,-1]",0,True
mlc,18,3,16,7,46,17241,15,1,15,"[11,14,15]","[1,-1,1]",3,"[0,9,10]","[1,1,-1]",0,True
Actin,18,2,16,7,46,17241,11,5,55,"[13,16]","[1,1]",2,"[13,16]","[1,1]",0,True
Twi,18,2,16,8,47,17242,3,13,39,"[0,1]","[1,1]",5,"[3,7,9,11,13]","[-1,1,1,-1,1]",0,True
Sna,18,1,16,8,47,17242,7,9,63,[0],[1],6,"[3,4,7,8,12,16]","[1,1,-1,1,1,1]",0,True
Fog,18,2,16,8,47,17242,3,13,39,"[1,2]","[1,1]",2,"[5,9]","[-1,1]",0,True
FogR,18,1,16,8,47,17242,9,7,63,[3],[1],1,[3],[1],0,True
Cta,18,1,16,8,47,17242,6,10,60,[4],[1],1,[4],[1],0,True
GEF,18,1,16,8,47,17242,8,8,64,[5],[1],5,"[6,7,9,13,17]","[1,-1,1,-1,1]",0,True
Csk,18,1,16,8,47,17242,8,8,64,[5],[1],1,[5],[1],0,True
Src,18,1,16,8,47,17242,6,10,60,[7],[-1],1,[7],[-1],0,True
GAP,18,2,16,8,47,17242,6,10,60,"[8,9]","[1,1]",5,"[2,3,4,8,10]","[-1,-1,1,1,1]",0,True
Rho,18,3,16,8,47,17242,12,4,48,"[6,9,12]","[1,-1,-1]",5,"[1,2,6,10,14]","[-1,-1,1,-1,1]",0,True
rock,18,1,16,8,47,17242,9,7,63,[10],[1],6,"[0,4,8,9,12,17]","[-1,1,1,-1,1,-1]",0,True
GDI,18,1,16,8,47,17242,7,9,63,[13],[-1],4,"[2,6,7,14]","[1,1,-1,1]",0,True
Moe,18,3,16,8,47,17242,14,2,28,"[11,13,14]","[1,1,-1]",6,"[2,3,6,10,14,16]","[-1,-1,-1,-1,-1,-1]",0,True
mlcp,18,1,16,8,47,17242,7,9,63,[11],[-1],1,[11],[-1],0,True
mlc,18,3,16,8,47,17242,15,1,15,"[11,14,15]","[1,-1,1]",3,"[8,10,16]","[-1,1,1]",0,True
Actin,18,2,16,8,47,17242,12,4,48,"[13,16]","[1,1]",4,"[2,6,11,16]","[-1,-1,1,1]",0,True
Twi,18,2,16,9,48,17243,6,10,60,"[0,1]","[1,1]",1,[0],[1],0,True
Sna,18,1,16,9,48,17243,6,10,60,[0],[1],1,[0],[1],0,True
Fog,18,2,16,9,48,17243,6,10,60,"[1,2]","[1,1]",5,"[0,8,12,13,16]","[1,-1,1,-1,-1]",0,True
FogR,18,1,16,9,48,17243,8,8,64,[3],[1],1,[3],[1],0,True
Cta,18,1,16,9,48,17243,9,7,63,[4],[1],1,[4],[1],0,True
GEF,18,1,16,9,48,17243,11,5,55,[5],[1],5,"[2,8,10,12,16]","[1,1,1,-1,1]",0,True
Csk,18,1,16,9,48,17243,11,5,55,[5],[1],1,[5],[1],0,True
Src,18,1,16,9,48,17243,9,7,63,[7],[-1],1,[7],[-1],0,True
GAP,18,2,16,9,48,17243,3,13,39,"[8,9]","[1,1]",3,"[4,8,10]","[-1,1,1]",0,True
Rho,18,3,16,9,48,17243,14,2,28,"[6,9,12]","[1,-1,-1]",2,"[12,17]","[-1,-1]",0,True
rock,18,1,16,9,48,17243,6,10,60,[10],[1],1,[10],[1],0,True
GDI,18,1,16,9,48,17243,7,9,63,[13],[-1],1,[13],[-1],0,True
Moe,18,3,16,9,48,17243,14,2,28,"[11,13,14]","[1,1,-1]",2,"[13,14]","[1,-1]",0,True
mlcp,18,1,16,9,48,17243,11,5,55,[11],[-1],1,[11],[-1],0,True
mlc,18,3,16,9,48,17243,13,3,39,"[11,14,15]","[1,-1,1]",4,"[6,12,16,17]","[-1,-1,1,-1]",0,True
Actin,18,2,16,9,48,17243,11,5,55,"[13,16]","[1,1]",4,"[0,7,14,15]","[-1,1,1,1]",0,True
Twi,18,2,16,10,49,17244,3,13,39,"[0,1]","[1,1]",4,"[0,2,11,16]","[1,-1,-1,-1]",0,True
Sna,18,1,16,10,49,17244,6,10,60,[0],[1],5,"[7,8,9,14,15]","[1,1,-1,1,1]",0,True
Fog,18,2,16,10,49,17244,5,11,55,"[1,2]","[1,1]",4,"[2,6,11,16]","[1,-1,-1,1]",0,True
FogR,18,1,16,10,49,17244,8,8,64,[3],[1],6,"[1,2,7,13,15,17]","[1,1,-1,1,-1,-1]",0,True
Cta,18,1,16,10,49,17244,11,5,55,[4],[1],1,[4],[1],0,True
GEF,18,1,16,10,49,17244,11,5,55,[5],[1],1,[5],[1],0,True
Csk,18,1,16,10,49,17244,11,5,55,[5],[1],4,"[1,4,10,15]","[1,1,1,1]",0,True
Src,18,1,16,10,49,17244,8,8,64,[7],[-1],1,[7],[-1],0,True
GAP,18,2,16,10,49,17244,3,13,39,"[8,9]","[1,1]",4,"[4,9,11,13]","[1,1,-1,1]",0,True
Rho,18,3,16,10,49,17244,15,1,15,"[6,9,12]","[1,-1,-1]",3,"[7,9,10]","[1,-1,-1]",0,True
rock,18,1,16,10,49,17244,9,7,63,[10],[1],1,[10],[1],0,True
GDI,18,1,16,10,49,17244,9,7,63,[13],[-1],1,[13],[-1],0,True
Moe,18,3,16,10,49,17244,14,2,28,"[11,13,14]","[1,1,-1]",6,"[2,3,5,7,10,13]","[1,1,-1,-1,1,1]",0,True
mlcp,18,1,16,10,49,17244,6,10,60,[11],[-1],4,"[1,9,10,15]","[1,1,-1,-1]",0,True
mlc,18,3,16,10,49,17244,15,1,15,"[11,14,15]","[1,-1,1]",3,"[14,15,16]","[-1,1,1]",0,True
Actin,18,2,16,10,49,17244,11,5,55,"[13,16]","[1,1]",4,"[3,9,13,14]","[1,1,1,-1]",0,True
Twi,18,2,16,11,50,17245,3,13,39,"[0,1]","[1,1]",6,"[3,4,8,9,12,13]","[-1,1,1,-1,1,1]",0,True
Sna,18,1,16,11,50,17245,8,8,64,[0],[1],1,[0],[1],0,True
Fog,18,2,16,11,50,17245,6,10,60,"[1,2]","[1,1]",2,"[1,2]","[1,1]",0,True
FogR,18,1,16,11,50,17245,7,9,63,[3],[1],5,"[0,6,9,12,13]","[-1,1,1,1,1]",0,True
Cta,18,1,16,11,50,17245,12,4,48,[4],[1],6,"[1,5,6,8,14,17]","[1,-1,-1,-1,-1,1]",0,True
GEF,18,1,16,11,50,17245,5,11,55,[5],[1],5,"[1,12,13,16,17]","[-1,1,1,1,1]",0,True
Csk,18,1,16,11,50,17245,5,11,55,[5],[1],5,"[6,8,9,10,11]","[-1,-1,1,1,1]",0,True
Src,18,1,16,11,50,17245,10,6,60,[7],[-1],1,[7],[-1],0,True
GAP,18,2,16,11,50,17245,6,10,60,"[8,9]","[1,1]",3,"[2,8,17]","[-1,1,1]",0,True
Rho,18,3,16,11,50,17245,15,1,15,"[6,9,12]","[1,-1,-1]",2,"[3,6]","[-1,1]",0,True
rock,18,1,16,11,50,17245,8,8,64,[10],[1],1,[10],[1],0,True
GDI,18,1,16,11,50,17245,6,10,60,[13],[-1],1,[13],[-1],0,True
Moe,18,3,16,11,50,17245,14,2,28,"[11,13,14]","[1,1,-1]",4,"[6,10,11,14]","[1,-1,1,-1]",0,True
mlcp,18,1,16,11,50,17245,8,8,64,[11],[-1],1,[11],[-1],0,True
mlc,18,3,16,11,50,17245,14,2,28,"[11,14,15]","[1,-1,1]",3,"[5,8,15]","[1,1,1]",0,True
Actin,18,2,16,11,50,17245,13,3,39,"[13,16]","[1,1]",2,"[13,16]","[1,1]",0,True
Twi,18,2,16,12,51,17246,4,12,48,"[0,1]","[1,1]",3,"[0,12,17]","[1,-1,-1]",0,True
Sna,18,1,16,12,51,17246,6,10,60,[0],[1],4,"[6,15,16,17]","[1,-1,1,-1]",0,True
Fog,18,2,16,12,51,17246,7,9,63,"[1,2]","[1,1]",6,"[1,10,12,13,15,17]","[1,-1,-1,1,-1,-1]",0,True
FogR,18,1,16,12,51,17246,4,12,48,[3],[1],1,[3],[1],0,True
Cta,18,1,16,12,51,17246,9,7,63,[4],[1],5,"[2,3,8,12,16]","[-1,1,-1,-1,-1]",0,True
GEF,18,1,16,12,51,17246,9,7,63,[5],[1],1,[5],[1],0,True
Csk,18,1,16,12,51,17246,9,7,63,[5],[1],5,"[4,6,9,12,15]","[1,-1,1,1,1]",0,True
Src,18,1,16,12,51,17246,9,7,63,[7],[-1],1,[7],[-1],0,True
GAP,18,2,16,12,51,17246,3,13,39,"[8,9]","[1,1]",4,"[9,10,11,12]","[1,-1,1,-1]",0,True
Rho,18,3,16,12,51,17246,15,1,15,"[6,9,12]","[1,-1,-1]",3,"[15,16,17]","[1,-1,1]",0,True
rock,18,1,16,12,51,17246,11,5,55,[10],[1],1,[10],[1],0,True
GDI,18,1,16,12,51,17246,8,8,64,[13],[-1],1,[13],[-1],0,True
Moe,18,3,16,12,51,17246,14,2,28,"[11,13,14]","[1,1,-1]",3,"[6,11,16]","[1,1,1]",0,True
mlcp,18,1,16,12,51,17246,9,7,63,[11],[-1],1,[11],[-1],0,True
mlc,18,3,16,12,51,17246,15,1,15,"[11,14,15]","[1,-1,1]",3,"[2,7,16]","[-1,-1,-1]",0,True
Actin,18,2,16,12,51,17246,10,6,60,"[13,16]","[1,1]",2,"[13,16]","[1,1]",0,True
Twi,18,2,16,13,52,17247,4,12,48,"[0,1]","[1,1]",4,"[0,6,8,17]","[1,-1,1,1]",0,True
Sna,18,1,16,13,52,17247,7,9,63,[0],[1],1,[0],[1],0,True
Fog,18,2,16,13,52,17247,4,12,48,"[1,2]","[1,1]",4,"[2,9,14,17]","[1,1,-1,1]",0,True
FogR,18,1,16,13,52,17247,7,9,63,[3],[1],1,[3],[1],0,True
Cta,18,1,16,13,52,17247,4,12,48,[4],[1],1,[4],[1],0,True
GEF,18,1,16,13,52,17247,7,9,63,[5],[1],1,[5],[1],0,True
Csk,18,1,16,13,52,17247,7,9,63,[5],[1],1,[5],[1],0,True
Src,18,1,16,13,52,17247,8,8,64,[7],[-1],1,[7],[-1],0,True
GAP,18,2,16,13,52,17247,4,12,48,"[8,9]","[1,1]",2,"[8,9]","[1,1]",0,True
Rho,18,3,16,13,52,17247,13,3,39,"[6,9,12]","[1,-1,-1]",4,"[2,7,9,16]","[1,1,-1,-1]",0,True
rock,18,1,16,13,52,17247,7,9,63,[10],[1],1,[10],[1],0,True
GDI,18,1,16,13,52,17247,8,8,64,[13],[-1],1,[13],[-1],0,True
Moe,18,3,16,13,52,17247,11,5,55,"[11,13,14]","[1,1,-1]",5,"[0,5,7,10,15]","[1,-1,1,1,-1]",0,True
mlcp,18,1,16,13,52,17247,8,8,64,[11],[-1],1,[11],[-1],0,True
mlc,18,3,16,13,52,17247,13,3,39,"[11,14,15]","[1,-1,1]",6,"[5,6,8,10,12,17]","[-1,1,1,1,1,-1]",0,True
Actin,18,2,16,13,52,17247,12,4,48,"[13,16]","[1,1]",4,"[8,10,15,16]","[-1,1,-1,1]",0,True
Twi,18,2,16,14,53,17248,3,13,39,"[0,1]","[1,1]",5,"[0,7,9,12,16]","[1,-1,-1,1,1]",0,True
Sna,18,1,16,14,53,17248,6,10,60,[0],[1],1,[0],[1],0,True
Fog,18,2,16,14,53,17248,3,13,39,"[1,2]","[1,1]",6,"[4,6,9,11,16,17]","[-1,-1,-1,-1,1,-1]",0,True
FogR,18,1,16,14,53,17248,9,7,63,[3],[1],4,"[0,2,15,16]","[1,-1,1,1]",0,True
Cta,18,1,16,14,53,17248,9,7,63,[4],[1],1,[4],[1],0,True
GEF,18,1,16,14,53,17248,2,14,28,[5],[1],1,[5],[1],0,True
Csk,18,1,16,14,53,17248,2,14,28,[5],[1],4,"[7,9,12,14]","[-1,-1,1,-1]",0,True
Src,18,1,16,14,53,17248,8,8,64,[7],[-1],1,[7],[-1],0,True
GAP,18,2,16,14,53,17248,5,11,55,"[8,9]","[1,1]",6,"[3,8,11,13,14,15]","[-1,1,-1,1,-1,1]",0,True
Rho,18,3,16,14,53,17248,13,3,39,"[6,9,12]","[1,-1,-1]",3,"[5,10,12]","[-1,-1,-1]",0,True
rock,18,1,16,14,53,17248,8,8,64,[10],[1],1,[10],[1],0,True
GDI,18,1,16,14,53,17248,11,5,55,[13],[-1],1,[13],[-1],0,True
Moe,18,3,16,14,53,17248,10,6,60,"[11,13,14]","[1,1,-1]",4,"[1,7,12,14]","[-1,-1,1,-1]",0,True
mlcp,18,1,16,14,53,17248,8,8,64,[11],[-1],1,[11],[-1],0,True
mlc,18,3,16,14,53,17248,12,4,48,"[11,14,15]","[1,-1,1]",4,"[6,8,11,14]","[-1,1,1,-1]",0,True
Actin,18,2,16,14,53,17248,12,4,48,"[13,16]","[1,1]",5,"[2,3,13,15,17]","[1,1,1,-1,1]",0,True
Twi,18,2,16,15,54,17249,3,13,39,"[0,1]","[1,1]",3,"[1,4,12]","[1,1,1]",0,True
Sna,18,1,16,15,54,17249,10,6,60,[0],[1],5,"[2,7,9,10,17]","[-1,-1,-1,1,-1]",0,True
Fog,18,2,16,15,54,17249,2,14,28,"[1,2]","[1,1]",4,"[8,9,10,14]","[1,-1,-1,1]",0,True
FogR,18,1,16,15,54,17249,9,7,63,[3],[1],6,"[0,6,8,11,12,13]","[1,-1,-1,1,1,-1]",0,True
Cta,18,1,16,15,54,17249,7,9,63,[4],[1],1,[4],[1],0,True
GEF,18,1,16,15,54,17249,9,7,63,[5],[1],1,[5],[1],0,True
Csk,18,1,16,15,54,17249,9,7,63,[5],[1],1,[5],[1],0,True
Src,18,1,16,15,54,17249,12,4,48,[7],[-1],5,"[2,3,6,11,15]","[1,1,1,1,-1]",0,True
GAP,18,2,16,15,54,17249,3,13,39,"[8,9]","[1,1]",5,"[3,5,9,11,15]","[-1,1,1,1,-1]",0,True
Rho,18,3,16,15,54,17249,15,1,15,"[6,9,12]","[1,-1,-1]",3,"[2,6,9]","[1,1,-1]",0,True
rock,18,1,16,15,54,17249,10,6,60,[10],[1],3,"[2,3,4]","[-1,1,1]",0,True
GDI,18,1,16,15,54,17249,10,6,60,[13],[-1],1,[13],[-1],0,True
Moe,18,3,16,15,54,17249,13,3,39,"[11,13,14]","[1,1,-1]",5,"[3,4,5,8,17]","[-1,1,-1,1,-1]",0,True
mlcp,18,1,16,15,54,17249,7,9,63,[11],[-1],6,"[2,5,8,13,14,17]","[1,1,-1,1,-1,1]",0,True
mlc,18,3,16,15,54,17249,14,2,28,"[11,14,15]","[1,-1,1]",5,"[3,5,12,14,17]","[1,1,-1,-1,1]",0,True
Actin,18,2,16,15,54,17249,12,4,48,"[13,16]","[1,1]",2,"[13,16]","[1,1]",0,True
Twi,18,2,16,16,55,17250,5,11,55,"[0,1]","[1,1]",4,"[1,6,9,14]","[1,-1,1,1]",0,True
Sna,18,1,16,16,55,17250,9,7,63,[0],[1],1,[0],[1],0,True
Fog,18,2,16,16,55,17250,2,14,28,"[1,2]","[1,1]",4,"[1,5,7,15]","[1,1,1,-1]",0,True
FogR,18,1,16,16,55,17250,8,8,64,[3],[1],1,[3],[1],0,True
Cta,18,1,16,16,55,17250,10,6,60,[4],[1],1,[4],[1],0,True
GEF,18,1,16,16,55,17250,10,6,60,[5],[1],1,[5],[1],0,True
Csk,18,1,16,16,55,17250,10,6,60,[5],[1],1,[5],[1],0,True
Src,18,1,16,16,55,17250,8,8,64,[7],[-1],1,[7],[-1],0,True
GAP,18,2,16,16,55,17250,3,13,39,"[8,9]","[1,1]",3,"[9,14,15]","[1,-1,1]",0,True
Rho,18,3,16,16,55,17250,14,2,28,"[6,9,12]","[1,-1,-1]",4,"[0,7,9,15]","[1,1,-1,-1]",0,True
rock,18,1,16,16,55,17250,9,7,63,[10],[1],6,"[1,4,9,11,14,15]","[1,-1,-1,1,-1,-1]",0,True
GDI,18,1,16,16,55,17250,9,7,63,[13],[-1],1,[13],[-1],0,True
Moe,18,3,16,16,55,17250,14,2,28,"[11,13,14]","[1,1,-1]",3,"[6,11,13]","[1,1,1]",0,True
mlcp,18,1,16,16,55,17250,9,7,63,[11],[-1],1,[11],[-1],0,True
mlc,18,3,16,16,55,17250,12,4,48,"[11,14,15]","[1,-1,1]",4,"[9,11,12,15]","[1,1,-1,1]",0,True
Actin,18,2,16,16,55,17250,12,4,48,"[13,16]","[1,1]",2,"[13,16]","[1,1]",0,True
Twi,18,2,16,17,56,17251,4,12,48,"[0,1]","[1,1]",4,"[5,6,15,17]","[-1,1,1,-1]",0,True
Sna,18,1,16,17,56,17251,6,10,60,[0],[1],1,[0],[1],0,True
Fog,18,2,16,17,56,17251,6,10,60,"[1,2]","[1,1]",2,"[1,2]","[1,1]",0,True
FogR,18,1,16,17,56,17251,9,7,63,[3],[1],1,[3],[1],0,True
Cta,18,1,16,17,56,17251,7,9,63,[4],[1],1,[4],[1],0,True
GEF,18,1,16,17,56,17251,6,10,60,[5],[1],1,[5],[1],0,True
Csk,18,1,16,17,56,17251,6,10,60,[5],[1],1,[5],[1],0,True
Src,18,1,16,17,56,17251,8,8,64,[7],[-1],1,[7],[-1],0,True
GAP,18,2,16,17,56,17251,6,10,60,"[8,9]","[1,1]",3,"[9,10,13]","[1,-1,1]",0,True
Rho,18,3,16,17,56,17251,12,4,48,"[6,9,12]","[1,-1,-1]",2,"[6,12]","[1,-1]",0,True
rock,18,1,16,17,56,17251,5,11,55,[10],[1],7,"[1,4,6,8,11,14,16]","[1,1,1,-1,-1,-1,1]",0,True
GDI,18,1,16,17,56,17251,8,8,64,[13],[-1],1,[13],[-1],0,True
Moe,18,3,16,17,56,17251,13,3,39,"[11,13,14]","[1,1,-1]",2,"[12,14]","[1,-1]",0,True
mlcp,18,1,16,17,56,17251,10,6,60,[11],[-1],1,[11],[-1],0,True
mlc,18,3,16,17,56,17251,13,3,39,"[11,14,15]","[1,-1,1]",6,"[0,1,3,8,13,17]","[-1,1,1,1,-1,-1]",0,True
Actin,18,2,16,17,56,17251,14,2,28,"[13,16]","[1,1]",3,"[4,9,13]","[-1,-1,1]",0,True
Twi,18,2,16,18,57,17252,1,15,15,"[0,1]","[1,1]",3,"[8,11,12]","[1,1,1]",0,True
Sna,18,1,16,18,57,17252,9,7,63,[0],[1],1,[0],[1],0,True
Fog,18,2,16,18,57,17252,1,15,15,"[1,2]","[1,1]",3,"[0,3,6]","[1,1,1]",0,True
FogR,18,1,16,18,57,17252,9,7,63,[3],[1],1,[3],[1],0,True
Cta,18,1,16,18,57,17252,12,4,48,[4],[1],1,[4],[1],0,True
GEF,18,1,16,18,57,17252,9,7,63,[5],[1],1,[5],[1],0,True
Csk,18,1,16,18,57,17252,9,7,63,[5],[1],1,[5],[1],0,True
Src,18,1,16,18,57,17252,7,9,63,[7],[-1],1,[7],[-1],0,True
GAP,18,2,16,18,57,17252,5,11,55,"[8,9]","[1,1]",7,"[1,2,3,4,7,9,14]","[1,-1,1,-1,-1,1,1]",0,True
Rho,18,3,16,18,57,17252,14,2,28,"[6,9,12]","[1,-1,-1]",4,"[6,7,10,16]","[1,-1,1,1]",0,True
rock,18,1,16,18,57,17252,10,6,60,[10],[1],7,"[0,3,5,7,11,16,17]","[1,-1,-1,1,1,1,1]",0,True
GDI,18,1,16,18,57,17252,6,10,60,[13],[-1],1,[13],[-1],0,True
Moe,18,3,16,18,57,17252,14,2,28,"[11,13,14]","[1,1,-1]",4,"[0,6,7,13]","[-1,-1,-1,1]",0,True
mlcp,18,1,16,18,57,17252,8,8,64,[11],[-1],1,[11],[-1],0,True
mlc,18,3,16,18,57,17252,15,1,15,"[11,14,15]","[1,-1,1]",4,"[1,5,8,10]","[1,1,-1,-1]",0,True
Actin,18,2,16,18,57,17252,15,1,15,"[13,16]","[1,1]",4,"[3,7,16,17]","[-1,-1,1,1]",0,True
Twi,18,2,16,19,58,17253,5,11,55,"[0,1]","[1,1]",2,"[0,1]","[1,1]",0,True
Sna,18,1,16,19,58,17253,10,6,60,[0],[1],1,[0],[1],0,True
Fog,18,2,16,19,58,17253,3,13,39,"[1,2]","[1,1]",2,"[1,2]","[1,1]",0,True
FogR,18,1,16,19,58,17253,7,9,63,[3],[1],1,[3],[1],0,True
Cta,18,1,16,19,58,17253,11,5,55,[4],[1],5,"[2,3,8,10,14]","[1,-1,1,1,1]",0,True
GEF,18,1,16,19,58,17253,8,8,64,[5],[1],1,[5],[1],0,True
Csk,18,1,16,19,58,17253,8,8,64,[5],[1],1,[5],[1],0,True
Src,18,1,16,19,58,17253,7,9,63,[7],[-1],1,[7],[-1],0,True
GAP,18,2,16,19,58,17253,5,11,55,"[8,9]","[1,1]",3,"[5,9,11]","[-1,1,1]",0,True
Rho,18,3,16,19,58,17253,13,3,39,"[6,9,12]","[1,-1,-1]",2,"[9,12]","[-1,-1]",0,True
rock,18,1,16,19,58,17253,5,11,55,[10],[1],1,[10],[1],0,True
GDI,18,1,16,19,58,17253,5,11,55,[13],[-1],1,[13],[-1],0,True
Moe,18,3,16,19,58,17253,14,2,28,"[11,13,14]","[1,1,-1]",3,"[7,13,15]","[1,1,1]",0,True
mlcp,18,1,16,19,58,17253,7,9,63,[11],[-1],1,[11],[-1],0,True
mlc,18,3,16,19,58,17253,13,3,39,"[11,14,15]","[1,-1,1]",4,"[5,11,13,15]","[1,1,1,1]",0,True
Actin,18,2,16,19,58,17253,13,3,39,"[13,16]","[1,1]",5,"[0,4,7,10,15]","[-1,-1,1,1,-1]",0,True
Twi,18,2,16,20,59,17254,3,13,39,"[0,1]","[1,1]",4,"[0,7,9,12]","[1,-1,1,-1]",0,True
Sna,18,1,16,20,59,17254,7,9,63,[0],[1],4,"[5,11,12,17]","[1,-1,1,1]",0,True
Fog,18,2,16,20,59,17254,1,15,15,"[1,2]","[1,1]",3,"[0,10,11]","[1,1,-1]",0,True
FogR,18,1,16,20,59,17254,7,9,63,[3],[1],1,[3],[1],0,True
Cta,18,1,16,20,59,17254,10,6,60,[4],[1],3,"[0,10,17]","[-1,-1,-1]",0,True
GEF,18,1,16,20,59,17254,7,9,63,[5],[1],1,[5],[1],0,True
Csk,18,1,16,20,59,17254,7,9,63,[5],[1],1,[5],[1],0,True
Src,18,1,16,20,59,17254,9,7,63,[7],[-1],1,[7],[-1],0,True
GAP,18,2,16,20,59,17254,1,15,15,"[8,9]","[1,1]",2,"[5,15]","[-1,1]",0,True
Rho,18,3,16,20,59,17254,14,2,28,"[6,9,12]","[1,-1,-1]",3,"[6,15,16]","[1,1,-1]",0,True
rock,18,1,16,20,59,17254,8,8,64,[10],[1],1,[10],[1],0,True
GDI,18,1,16,20,59,17254,10,6,60,[13],[-1],1,[13],[-1],0,True
Moe,18,3,16,20,59,17254,12,4,48,"[11,13,14]","[1,1,-1]",4,"[5,7,11,14]","[1,1,1,-1]",0,True
mlcp,18,1,16,20,59,17254,9,7,63,[11],[-1],1,[11],[-1],0,True
mlc,18,3,16,20,59,17254,14,2,28,"[11,14,15]","[1,-1,1]",4,"[0,5,6,9]","[-1,-1,1,1]",0,True
Actin,18,2,16,20,59,17254,11,5,55,"[13,16]","[1,1]",2,"[11,16]","[1,1]",0,True
Twi,18,2,32,1,60,33235,11,21,231,"[0,1]","[1,1]",2,"[0,1]","[1,1]",0,True
Sna,18,1,32,1,60,33235,19,13,247,[0],[1],1,[0],[1],0,True
Fog,18,2,32,1,60,33235,11,21,231,"[1,2]","[1,1]",2,"[1,2]","[1,1]",0,True
FogR,18,1,32,1,60,33235,14,18,252,[3],[1],1,[3],[1],0,True
Cta,18,1,32,1,60,33235,13,19,247,[4],[1],1,[4],[1],0,True
GEF,18,1,32,1,60,33235,16,16,256,[5],[1],1,[5],[1],0,True
Csk,18,1,32,1,60,33235,16,16,256,[5],[1],1,[5],[1],0,True
Src,18,1,32,1,60,33235,14,18,252,[7],[-1],1,[7],[-1],0,True
GAP,18,2,32,1,60,33235,10,22,220,"[8,9]","[1,1]",7,"[1,3,5,8,11,12,13]","[1,1,-1,1,-1,-1,1]",0,True
Rho,18,3,32,1,60,33235,29,3,87,"[6,9,12]","[1,-1,-1]",7,"[4,5,7,8,11,12,13]","[-1,-1,-1,-1,-1,-1,-1]",0,True
rock,18,1,32,1,60,33235,20,12,240,[10],[1],1,[10],[1],0,True
GDI,18,1,32,1,60,33235,17,15,255,[13],[-1],1,[13],[-1],0,True
Moe,18,3,32,1,60,33235,28,4,112,"[11,13,14]","[1,1,-1]",7,"[1,3,8,12,14,15,17]","[-1,1,-1,1,-1,1,1]",0,True
mlcp,18,1,32,1,60,33235,21,11,231,[11],[-1],1,[11],[-1],0,True
mlc,18,3,32,1,60,33235,26,6,156,"[11,14,15]","[1,-1,1]",7,"[4,5,9,10,15,16,17]","[1,-1,-1,-1,1,-1,-1]",0,True
Actin,18,2,32,1,60,33235,24,8,192,"[13,16]","[1,1]",2,"[13,16]","[1,1]",0,True
Twi,18,2,32,2,61,33236,8,24,192,"[0,1]","[1,1]",2,"[0,1]","[1,1]",0,True
Sna,18,1,32,2,61,33236,17,15,255,[0],[1],1,[0],[1],0,True
Fog,18,2,32,2,61,33236,13,19,247,"[1,2]","[1,1]",2,"[1,2]","[1,1]",0,True
FogR,18,1,32,2,61,33236,13,19,247,[3],[1],1,[3],[1],0,True
Cta,18,1,32,2,61,33236,17,15,255,[4],[1],8,"[0,2,5,9,10,11,13,17]","[-1,1,1,-1,-1,-1,1,-1]",0,True
GEF,18,1,32,2,61,33236,17,15,255,[5],[1],1,[5],[1],0,True
Csk,18,1,32,2,61,33236,17,15,255,[5],[1],1,[5],[1],0,True
Src,18,1,32,2,61,33236,14,18,252,[7],[-1],1,[7],[-1],0,True
GAP,18,2,32,2,61,33236,6,26,156,"[8,9]","[1,1]",8,"[0,3,5,9,10,12,13,14]","[1,-1,1,1,1,1,-1,-1]",0,True
Rho,18,3,32,2,61,33236,29,3,87,"[6,9,12]","[1,-1,-1]",4,"[2,6,12,17]","[-1,1,-1,-1]",0,True
rock,18,1,32,2,61,33236,19,13,247,[10],[1],1,[10],[1],0,True
GDI,18,1,32,2,61,33236,11,21,231,[13],[-1],1,[13],[-1],0,True
Moe,18,3,32,2,61,33236,29,3,87,"[11,13,14]","[1,1,-1]",6,"[0,1,2,4,9,17]","[-1,1,1,-1,-1,1]",0,True
mlcp,18,1,32,2,61,33236,18,14,252,[11],[-1],1,[11],[-1],0,True
mlc,18,3,32,2,61,33236,24,8,192,"[11,14,15]","[1,-1,1]",5,"[4,9,10,11,14]","[-1,-1,1,1,-1]",0,True
Actin,18,2,32,2,61,33236,26,6,156,"[13,16]","[1,1]",2,"[13,16]","[1,1]",0,True
Twi,18,2,32,3,62,33237,6,26,156,"[0,1]","[1,1]",2,"[0,1]","[1,1]",0,True
Sna,18,1,32,3,62,33237,16,16,256,[0],[1],1,[0],[1],0,True
Fog,18,2,32,3,62,33237,8,24,192,"[1,2]","[1,1]",4,"[2,4,5,15]","[1,1,1,1]",0,True
FogR,18,1,32,3,62,33237,21,11,231,[3],[1],1,[3],[1],0,True
Cta,18,1,32,3,62,33237,12,20,240,[4],[1],1,[4],[1],0,True
GEF,18,1,32,3,62,33237,17,15,255,[5],[1],1,[5],[1],0,True
Csk,18,1,32,3,62,33237,17,15,255,[5],[1],1,[5],[1],0,True
Src,18,1,32,3,62,33237,18,14,252,[7],[-1],1,[7],[-1],0,True
GAP,18,2,32,3,62,33237,6,26,156,"[8,9]","[1,1]",5,"[1,5,8,11,15]","[1,-1,1,1,-1]",0,True
Rho,18,3,32,3,62,33237,27,5,135,"[6,9,12]","[1,-1,-1]",6,"[2,3,4,6,9,17]","[1,1,1,1,-1,1]",0,True
rock,18,1,32,3,62,33237,18,14,252,[10],[1],1,[10],[1],0,True
GDI,18,1,32,3,62,33237,13,19,247,[13],[-1],1,[13],[-1],0,True
Moe,18,3,32,3,62,33237,29,3,87,"[11,13,14]","[1,1,-1]",4,"[7,8,12,13]","[1,1,-1,1]",0,True
mlcp,18,1,32,3,62,33237,16,16,256,[11],[-1],1,[11],[-1],0,True
mlc,18,3,32,3,62,33237,27,5,135,"[11,14,15]","[1,-1,1]",3,"[0,4,14]","[-1,-1,-1]",0,True
Actin,18,2,32,3,62,33237,26,6,156,"[13,16]","[1,1]",5,"[3,4,5,9,13]","[1,1,-1,1,1]",0,True
Twi,18,2,32,4,63,33238,12,20,240,"[0,1]","[1,1]",6,"[0,7,11,12,15,17]","[1,1,1,-1,1,-1]",0,True
Sna,18,1,32,4,63,33238,18,14,252,[0],[1],1,[0],[1],0,True
Fog,18,2,32,4,63,33238,8,24,192,"[1,2]","[1,1]",5,"[0,1,3,4,11]","[-1,1,1,-1,-1]",0,True
FogR,18,1,32,4,63,33238,16,16,256,[3],[1],7,"[0,1,2,8,9,10,15]","[-1,1,1,1,1,1,-1]",0,True
Cta,18,1,32,4,63,33238,15,17,255,[4],[1],1,[4],[1],0,True
GEF,18,1,32,4,63,33238,11,21,231,[5],[1],1,[5],[1],0,True
Csk,18,1,32,4,63,33238,11,21,231,[5],[1],1,[5],[1],0,True
Src,18,1,32,4,63,33238,18,14,252,[7],[-1],1,[7],[-1],0,True
GAP,18,2,32,4,63,33238,8,24,192,"[8,9]","[1,1]",6,"[1,7,8,12,16,17]","[-1,-1,1,1,1,-1]",0,True
Rho,18,3,32,4,63,33238,26,6,156,"[6,9,12]","[1,-1,-1]",5,"[2,6,7,12,17]","[1,1,-1,-1,1]",0,True
rock,18,1,32,4,63,33238,16,16,256,[10],[1],1,[10],[1],0,True
GDI,18,1,32,4,63,33238,13,19,247,[13],[-1],1,[13],[-1],0,True
Moe,18,3,32,4,63,33238,28,4,112,"[11,13,14]","[1,1,-1]",4,"[9,13,14,16]","[-1,1,-1,1]",0,True
mlcp,18,1,32,4,63,33238,19,13,247,[11],[-1],1,[11],[-1],0,True
mlc,18,3,32,4,63,33238,26,6,156,"[11,14,15]","[1,-1,1]",5,"[2,3,12,14,15]","[-1,-1,1,-1,1]",0,True
Actin,18,2,32,4,63,33238,29,3,87,"[13,16]","[1,1]",4,"[0,1,12,13]","[1,-1,1,1]",0,True
Twi,18,2,32,5,64,33239,7,25,175,"[0,1]","[1,1]",2,"[0,1]","[1,1]",0,True
Sna,18,1,32,5,64,33239,16,16,256,[0],[1],1,[0],[1],0,True
Fog,18,2,32,5,64,33239,7,25,175,"[1,2]","[1,1]",2,"[1,2]","[1,1]",0,True
FogR,18,1,32,5,64,33239,15,17,255,[3],[1],1,[3],[1],0,True
Cta,18,1,32,5,64,33239,20,12,240,[4],[1],1,[4],[1],0,True
GEF,18,1,32,5,64,33239,12,20,240,[5],[1],1,[5],[1],0,True
Csk,18,1,32,5,64,33239,12,20,240,[5],[1],1,[5],[1],0,True
Src,18,1,32,5,64,33239,20,12,240,[7],[-1],1,[7],[-1],0,True
GAP,18,2,32,5,64,33239,8,24,192,"[8,9]","[1,1]",4,"[1,8,11,17]","[1,1,-1,-1]",0,True
Rho,18,3,32,5,64,33239,26,6,156,"[6,9,12]","[1,-1,-1]",5,"[2,3,6,10,14]","[-1,1,1,1,-1]",0,True
rock,18,1,32,5,64,33239,15,17,255,[10],[1],1,[10],[1],0,True
GDI,18,1,32,5,64,33239,10,22,220,[13],[-1],1,[13],[-1],0,True
Moe,18,3,32,5,64,33239,31,1,31,"[11,13,14]","[1,1,-1]",3,"[6,8,14]","[1,-1,-1]",0,True
mlcp,18,1,32,5,64,33239,17,15,255,[11],[-1],1,[11],[-1],0,True
mlc,18,3,32,5,64,33239,31,1,31,"[11,14,15]","[1,-1,1]",3,"[6,7,10]","[-1,-1,1]",0,True
Actin,18,2,32,5,64,33239,27,5,135,"[13,16]","[1,1]",4,"[0,12,13,17]","[1,1,1,1]",0,True
Twi,18,2,32,6,65,33240,6,26,156,"[0,1]","[1,1]",5,"[0,5,9,11,12]","[1,1,1,1,-1]",0,True
Sna,18,1,32,6,65,33240,12,20,240,[0],[1],1,[0],[1],0,True
Fog,18,2,32,6,65,33240,13,19,247,"[1,2]","[1,1]",2,"[1,2]","[1,1]",0,True
FogR,18,1,32,6,65,33240,12,20,240,[3],[1],1,[3],[1],0,True
Cta,18,1,32,6,65,33240,18,14,252,[4],[1],1,[4],[1],0,True
GEF,18,1,32,6,65,33240,13,19,247,[5],[1],1,[5],[1],0,True
Csk,18,1,32,6,65,33240,13,19,247,[5],[1],1,[5],[1],0,True
Src,18,1,32,6,65,33240,18,14,252,[7],[-1],1,[7],[-1],0,True
GAP,18,2,32,6,65,33240,7,25,175,"[8,9]","[1,1]",2,"[8,9]","[1,1]",0,True
Rho,18,3,32,6,65,33240,30,2,60,"[6,9,12]","[1,-1,-1]",4,"[0,1,9,14]","[-1,1,-1,-1]",0,True
rock,18,1,32,6,65,33240,18,14,252,[10],[1],1,[10],[1],0,True
GDI,18,1,32,6,65,33240,18,14,252,[13],[-1],1,[13],[-1],0,True
Moe,18,3,32,6,65,33240,29,3,87,"[11,13,14]","[1,1,-1]",3,"[8,11,14]","[-1,1,-1]",0,True
mlcp,18,1,32,6,65,33240,16,16,256,[11],[-1],1,[11],[-1],0,True
mlc,18,3,32,6,65,33240,30,2,60,"[11,14,15]","[1,-1,1]",4,"[3,6,7,17]","[-1,1,1,-1]",0,True
Actin,18,2,32,6,65,33240,21,11,231,"[13,16]","[1,1]",6,"[1,2,4,12,13,17]","[1,-1,-1,1,1,-1]",0,True
Twi,18,2,32,7,66,33241,10,22,220,"[0,1]","[1,1]",4,"[0,5,10,11]","[1,1,-1,1]",0,True
Sna,18,1,32,7,66,33241,14,18,252,[0],[1],1,[0],[1],0,True
Fog,18,2,32,7,66,33241,9,23,207,"[1,2]","[1,1]",7,"[1,4,10,12,14,15,16]","[1,-1,-1,1,-1,1,1]",0,True
FogR,18,1,32,7,66,33241,16,16,256,[3],[1],1,[3],[1],0,True
Cta,18,1,32,7,66,33241,15,17,255,[4],[1],1,[4],[1],0,True
GEF,18,1,32,7,66,33241,14,18,252,[5],[1],1,[5],[1],0,True
Csk,18,1,32,7,66,33241,14,18,252,[5],[1],1,[5],[1],0,True
Src,18,1,32,7,66,33241,16,16,256,[7],[-1],1,[7],[-1],0,True
GAP,18,2,32,7,66,33241,6,26,156,"[8,9]","[1,1]",2,"[8,9]","[1,1]",0,True
Rho,18,3,32,7,66,33241,30,2,60,"[6,9,12]","[1,-1,-1]",3,"[6,8,10]","[1,-1,1]",0,True
rock,18,1,32,7,66,33241,17,15,255,[10],[1],1,[10],[1],0,True
GDI,18,1,32,7,66,33241,17,15,255,[13],[-1],1,[13],[-1],0,True
Moe,18,3,32,7,66,33241,27,5,135,"[11,13,14]","[1,1,-1]",7,"[0,1,4,6,10,11,13]","[1,-1,-1,1,-1,1,1]",0,True
mlcp,18,1,32,7,66,33241,21,11,231,[11],[-1],1,[11],[-1],0,True
mlc,18,3,32,7,66,33241,29,3,87,"[11,14,15]","[1,-1,1]",3,"[11,14,15]","[1,-1,1]",0,True
Actin,18,2,32,7,66,33241,25,7,175,"[13,16]","[1,1]",2,"[13,16]","[1,1]",0,True
Twi,18,2,32,8,67,33242,10,22,220,"[0,1]","[1,1]",2,"[0,1]","[1,1]",0,True
Sna,18,1,32,8,67,33242,19,13,247,[0],[1],1,[0],[1],0,True
Fog,18,2,32,8,67,33242,12,20,240,"[1,2]","[1,1]",2,"[1,2]","[1,1]",0,True
FogR,18,1,32,8,67,33242,19,13,247,[3],[1],1,[3],[1],0,True
Cta,18,1,32,8,67,33242,17,15,255,[4],[1],1,[4],[1],0,True
GEF,18,1,32,8,67,33242,18,14,252,[5],[1],1,[5],[1],0,True
Csk,18,1,32,8,67,33242,18,14,252,[5],[1],1,[5],[1],0,True
Src,18,1,32,8,67,33242,17,15,255,[7],[-1],1,[7],[-1],0,True
GAP,18,2,32,8,67,33242,7,25,175,"[8,9]","[1,1]",2,"[8,9]","[1,1]",0,True
Rho,18,3,32,8,67,33242,29,3,87,"[6,9,12]","[1,-1,-1]",4,"[1,3,10,14]","[1,-1,1,1]",0,True
rock,18,1,32,8,67,33242,18,14,252,[10],[1],1,[10],[1],0,True
GDI,18,1,32,8,67,33242,17,15,255,[13],[-1],1,[13],[-1],0,True
Moe,18,3,32,8,67,33242,30,2,60,"[11,13,14]","[1,1,-1]",4,"[10,11,12,15]","[-1,1,-1,-1]",0,True
mlcp,18,1,32,8,67,33242,17,15,255,[11],[-1],1,[11],[-1],0,True
mlc,18,3,32,8,67,33242,31,1,31,"[11,14,15]","[1,-1,1]",3,"[5,10,12]","[1,1,-1]",0,True
Actin,18,2,32,8,67,33242,21,11,231,"[13,16]","[1,1]",6,"[2,3,4,8,14,16]","[-1,-1,-1,1,-1,1]",0,True
Twi,18,2,32,9,68,33243,6,26,156,"[0,1]","[1,1]",5,"[1,4,5,6,9]","[1,-1,-1,1,1]",0,True
Sna,18,1,32,9,68,33243,12,20,240,[0],[1],1,[0],[1],0,True
Fog,18,2,32,9,68,33243,8,24,192,"[1,2]","[1,1]",2,"[1,2]","[1,1]",0,True
FogR,18,1,32,9,68,33243,17,15,255,[3],[1],1,[3],[1],0,True
Cta,18,1,32,9,68,33243,18,14,252,[4],[1],1,[4],[1],0,True
GEF,18,1,32,9,68,33243,17,15,255,[5],[1],1,[5],[1],0,True
Csk,18,1,32,9,68,33243,17,15,255,[5],[1],9,"[0,3,6,8,10,13,14,15,17]","[-1,1,1,-1,1,-1,1,1,1]",0,True
Src,18,1,32,9,68,33243,17,15,255,[7],[-1],1,[7],[-1],0,True
GAP,18,2,32,9,68,33243,10,22,220,"[8,9]","[1,1]",2,"[8,9]","[1,1]",0,True
Rho,18,3,32,9,68,33243,26,6,156,"[6,9,12]","[1,-1,-1]",6,"[6,7,10,12,14,15]","[1,1,-1,-1,-1,-1]",0,True
rock,18,1,32,9,68,33243,17,15,255,[10],[1],1,[10],[1],0,True
GDI,18,1,32,9,68,33243,15,17,255,[13],[-1],1,[13],[-1],0,True
Moe,18,3,32,9,68,33243,30,2,60,"[11,13,14]","[1,1,-1]",5,"[1,2,7,9,17]","[1,1,-1,1,-1]",0,True
mlcp,18,1,32,9,68,33243,14,18,252,[11],[-1],1,[11],[-1],0,True
mlc,18,3,32,9,68,33243,27,5,135,"[11,14,15]","[1,-1,1]",2,"[11,14]","[1,-1]",0,True
Actin,18,2,32,9,68,33243,24,8,192,"[13,16]","[1,1]",7,"[0,2,3,4,9,14,16]","[-1,1,1,1,-1,-1,1]",0,True
Twi,18,2,32,10,69,33244,7,25,175,"[0,1]","[1,1]",5,"[1,5,7,12,14]","[1,-1,-1,-1,1]",0,True
Sna,18,1,32,10,69,33244,14,18,252,[0],[1],6,"[4,7,9,10,11,15]","[1,-1,1,1,-1,1]",0,True
Fog,18,2,32,10,69,33244,6,26,156,"[1,2]","[1,1]",2,"[1,2]","[1,1]",0,True
FogR,18,1,32,10,69,33244,16,16,256,[3],[1],1,[3],[1],0,True
Cta,18,1,32,10,69,33244,18,14,252,[4],[1],1,[4],[1],0,True
GEF,18,1,32,10,69,33244,17,15,255,[5],[1],1,[5],[1],0,True
Csk,18,1,32,10,69,33244,17,15,255,[5],[1],8,"[1,2,4,6,7,8,9,15]","[-1,1,1,1,-1,-1,-1,1]",0,True
Src,18,1,32,10,69,33244,12,20,240,[7],[-1],1,[7],[-1],0,True
GAP,18,2,32,10,69,33244,8,24,192,"[8,9]","[1,1]",8,"[0,1,8,10,11,12,13,14]","[1,1,1,-1,1,-1,-1,-1]",0,True
Rho,18,3,32,10,69,33244,29,3,87,"[6,9,12]","[1,-1,-1]",6,"[0,1,8,12,13,17]","[-1,1,-1,-1,1,-1]",0,True
rock,18,1,32,10,69,33244,15,17,255,[10],[1],1,[10],[1],0,True
GDI,18,1,32,10,69,33244,19,13,247,[13],[-1],1,[13],[-1],0,True
Moe,18,3,32,10,69,33244,27,5,135,"[11,13,14]","[1,1,-1]",2,"[11,14]","[1,-1]",0,True
mlcp,18,1,32,10,69,33244,15,17,255,[11],[-1],1,[11],[-1],0,True
mlc,18,3,32,10,69,33244,31,1,31,"[11,14,15]","[1,-1,1]",4,"[2,3,14,16]","[-1,1,-1,-1]",0,True
Actin,18,2,32,10,69,33244,26,6,156,"[13,16]","[1,1]",6,"[2,5,7,14,15,16]","[1,1,-1,-1,1,1]",0,True
Twi,18,2,32,11,70,33245,9,23,207,"[0,1]","[1,1]",2,"[0,1]","[1,1]",0,True
Sna,18,1,32,11,70,33245,19,13,247,[0],[1],1,[0],[1],0,True
Fog,18,2,32,11,70,33245,8,24,192,"[1,2]","[1,1]",4,"[1,11,16,17]","[1,1,1,1]",0,True
FogR,18,1,32,11,70,33245,17,15,255,[3],[1],10,"[0,6,7,8,9,11,12,13,14,16]","[1,-1,1,1,-1,1,1,1,1,1]",0,True
Cta,18,1,32,11,70,33245,12,20,240,[4],[1],1,[4],[1],0,True
GEF,18,1,32,11,70,33245,10,22,220,[5],[1],1,[5],[1],0,True
Csk,18,1,32,11,70,33245,10,22,220,[5],[1],1,[5],[1],0,True
Src,18,1,32,11,70,33245,17,15,255,[7],[-1],1,[7],[-1],0,True
GAP,18,2,32,11,70,33245,4,28,112,"[8,9]","[1,1]",6,"[6,7,9,11,14,16]","[1,1,1,1,-1,-1]",0,True
Rho,18,3,32,11,70,33245,31,1,31,"[6,9,12]","[1,-1,-1]",4,"[1,4,7,12]","[1,1,-1,-1]",0,True
rock,18,1,32,11,70,33245,13,19,247,[10],[1],1,[10],[1],0,True
GDI,18,1,32,11,70,33245,21,11,231,[13],[-1],1,[13],[-1],0,True
Moe,18,3,32,11,70,33245,29,3,87,"[11,13,14]","[1,1,-1]",5,"[2,3,12,15,17]","[1,-1,1,-1,1]",0,True
mlcp,18,1,32,11,70,33245,20,12,240,[11],[-1],1,[11],[-1],0,True
mlc,18,3,32,11,70,33245,30,2,60,"[11,14,15]","[1,-1,1]",5,"[2,3,9,14,15]","[1,1,1,-1,1]",0,True
Actin,18,2,32,11,70,33245,24,8,192,"[13,16]","[1,1]",2,"[13,16]","[1,1]",0,True
Twi,18,2,32,12,71,33246,7,25,175,"[0,1]","[1,1]",2,"[0,1]","[1,1]",0,True
Sna,18,1,32,12,71,33246,16,16,256,[0],[1],1,[0],[1],0,True
Fog,18,2,32,12,71,33246,9,23,207,"[1,2]","[1,1]",2,"[1,2]","[1,1]",0,True
FogR,18,1,32,12,71,33246,12,20,240,[3],[1],1,[3],[1],0,True
Cta,18,1,32,12,71,33246,13,19,247,[4],[1],1,[4],[1],0,True
GEF,18,1,32,12,71,33246,20,12,240,[5],[1],1,[5],[1],0,True
Csk,18,1,32,12,71,33246,20,12,240,[5],[1],1,[5],[1],0,True
Src,18,1,32,12,71,33246,23,9,207,[7],[-1],1,[7],[-1],0,True
GAP,18,2,32,12,71,33246,8,24,192,"[8,9]","[1,1]",2,"[8,9]","[1,1]",0,True
Rho,18,3,32,12,71,33246,26,6,156,"[6,9,12]","[1,-1,-1]",6,"[0,5,9,10,12,14]","[1,1,-1,-1,-1,-1]",0,True
rock,18,1,32,12,71,33246,18,14,252,[10],[1],1,[10],[1],0,True
GDI,18,1,32,12,71,33246,16,16,256,[13],[-1],9,"[0,4,6,7,9,10,11,15,16]","[-1,1,1,1,1,-1,1,-1,1]",0,True
Moe,18,3,32,12,71,33246,28,4,112,"[11,13,14]","[1,1,-1]",6,"[2,4,8,9,12,15]","[1,-1,1,-1,-1,1]",0,True
mlcp,18,1,32,12,71,33246,17,15,255,[11],[-1],1,[11],[-1],0,True
mlc,18,3,32,12,71,33246,28,4,112,"[11,14,15]","[1,-1,1]",3,"[11,14,15]","[1,-1,1]",0,True
Actin,18,2,32,12,71,33246,23,9,207,"[13,16]","[1,1]",6,"[0,11,12,13,14,17]","[-1,-1,-1,1,1,-1]",0,True
Twi,18,2,32,13,72,33247,9,23,207,"[0,1]","[1,1]",6,"[0,8,9,10,13,17]","[1,1,-1,1,1,1]",0,True
Sna,18,1,32,13,72,33247,14,18,252,[0],[1],9,"[1,2,3,4,9,10,12,14,16]","[1,-1,1,1,1,1,-1,1,1]",0,True
Fog,18,2,32,13,72,33247,7,25,175,"[1,2]","[1,1]",2,"[1,2]","[1,1]",0,True
FogR,18,1,32,13,72,33247,10,22,220,[3],[1],1,[3],[1],0,True
Cta,18,1,32,13,72,33247,17,15,255,[4],[1],1,[4],[1],0,True
GEF,18,1,32,13,72,33247,13,19,247,[5],[1],1,[5],[1],0,True
Csk,18,1,32,13,72,33247,13,19,247,[5],[1],1,[5],[1],0,True
Src,18,1,32,13,72,33247,16,16,256,[7],[-1],1,[7],[-1],0,True
GAP,18,2,32,13,72,33247,9,23,207,"[8,9]","[1,1]",2,"[8,9]","[1,1]",0,True
Rho,18,3,32,13,72,33247,26,6,156,"[6,9,12]","[1,-1,-1]",6,"[0,1,3,9,10,13]","[1,-1,1,-1,-1,1]",0,True
rock,18,1,32,13,72,33247,13,19,247,[10],[1],1,[10],[1],0,True
GDI,18,1,32,13,72,33247,18,14,252,[13],[-1],1,[13],[-1],0,True
Moe,18,3,32,13,72,33247,28,4,112,"[11,13,14]","[1,1,-1]",6,"[0,2,3,5,6,8]","[-1,1,-1,-1,1,1]",0,True
mlcp,18,1,32,13,72,33247,21,11,231,[11],[-1],1,[11],[-1],0,True
mlc,18,3,32,13,72,33247,28,4,112,"[11,14,15]","[1,-1,1]",4,"[3,10,11,14]","[-1,-1,1,-1]",0,True
Actin,18,2,32,13,72,33247,22,10,220,"[13,16]","[1,1]",7,"[3,6,7,9,11,12,13]","[-1,1,1,1,-1,-1,1]",0,True
Twi,18,2,32,14,73,33248,11,21,231,"[0,1]","[1,1]",4,"[1,12,15,17]","[1,1,-1,1]",0,True
Sna,18,1,32,14,73,33248,18,14,252,[0],[1],1,[0],[1],0,True
Fog,18,2,32,14,73,33248,8,24,192,"[1,2]","[1,1]",2,"[1,2]","[1,1]",0,True
FogR,18,1,32,14,73,33248,16,16,256,[3],[1],1,[3],[1],0,True
Cta,18,1,32,14,73,33248,18,14,252,[4],[1],1,[4],[1],0,True
GEF,18,1,32,14,73,33248,15,17,255,[5],[1],1,[5],[1],0,True
Csk,18,1,32,14,73,33248,15,17,255,[5],[1],1,[5],[1],0,True
Src,18,1,32,14,73,33248,16,16,256,[7],[-1],1,[7],[-1],0,True
GAP,18,2,32,14,73,33248,8,24,192,"[8,9]","[1,1]",6,"[0,3,7,9,11,14]","[-1,1,1,1,1,1]",0,True
Rho,18,3,32,14,73,33248,27,5,135,"[6,9,12]","[1,-1,-1]",7,"[1,7,11,12,14,16,17]","[1,-1,1,-1,1,-1,1]",0,True
rock,18,1,32,14,73,33248,14,18,252,[10],[1],1,[10],[1],0,True
GDI,18,1,32,14,73,33248,16,16,256,[13],[-1],1,[13],[-1],0,True
Moe,18,3,32,14,73,33248,30,2,60,"[11,13,14]","[1,1,-1]",4,"[2,4,8,12]","[1,-1,-1,-1]",0,True
mlcp,18,1,32,14,73,33248,18,14,252,[11],[-1],1,[11],[-1],0,True
mlc,18,3,32,14,73,33248,28,4,112,"[11,14,15]","[1,-1,1]",3,"[11,14,15]","[1,-1,1]",0,True
Actin,18,2,32,14,73,33248,24,8,192,"[13,16]","[1,1]",2,"[13,16]","[1,1]",0,True
Twi,18,2,32,15,74,33249,7,25,175,"[0,1]","[1,1]",2,"[0,1]","[1,1]",0,True
Sna,18,1,32,15,74,33249,16,16,256,[0],[1],1,[0],[1],0,True
Fog,18,2,32,15,74,33249,10,22,220,"[1,2]","[1,1]",4,"[2,3,6,16]","[1,1,1,-1]",0,True
FogR,18,1,32,15,74,33249,17,15,255,[3],[1],1,[3],[1],0,True
Cta,18,1,32,15,74,33249,17,15,255,[4],[1],1,[4],[1],0,True
GEF,18,1,32,15,74,33249,21,11,231,[5],[1],1,[5],[1],0,True
Csk,18,1,32,15,74,33249,21,11,231,[5],[1],1,[5],[1],0,True
Src,18,1,32,15,74,33249,14,18,252,[7],[-1],1,[7],[-1],0,True
GAP,18,2,32,15,74,33249,7,25,175,"[8,9]","[1,1]",9,"[1,3,5,6,8,11,12,16,17]","[-1,1,-1,1,1,1,1,-1,-1]",0,True
Rho,18,3,32,15,74,33249,31,1,31,"[6,9,12]","[1,-1,-1]",4,"[0,10,11,15]","[-1,-1,1,1]",0,True
rock,18,1,32,15,74,33249,16,16,256,[10],[1],1,[10],[1],0,True
GDI,18,1,32,15,74,33249,16,16,256,[13],[-1],1,[13],[-1],0,True
Moe,18,3,32,15,74,33249,25,7,175,"[11,13,14]","[1,1,-1]",3,"[11,13,14]","[1,1,-1]",0,True
mlcp,18,1,32,15,74,33249,15,17,255,[11],[-1],1,[11],[-1],0,True
mlc,18,3,32,15,74,33249,29,3,87,"[11,14,15]","[1,-1,1]",4,"[9,11,15,17]","[-1,1,1,-1]",0,True
Actin,18,2,32,15,74,33249,24,8,192,"[13,16]","[1,1]",2,"[13,16]","[1,1]",0,True
Twi,18,2,32,16,75,33250,12,20,240,"[0,1]","[1,1]",2,"[0,1]","[1,1]",0,True
Sna,18,1,32,16,75,33250,18,14,252,[0],[1],1,[0],[1],0,True
Fog,18,2,32,16,75,33250,11,21,231,"[1,2]","[1,1]",6,"[1,6,7,8,14,17]","[1,-1,-1,1,1,1]",0,True
FogR,18,1,32,16,75,33250,20,12,240,[3],[1],1,[3],[1],0,True
Cta,18,1,32,16,75,33250,12,20,240,[4],[1],1,[4],[1],0,True
GEF,18,1,32,16,75,33250,20,12,240,[5],[1],1,[5],[1],0,True
Csk,18,1,32,16,75,33250,20,12,240,[5],[1],1,[5],[1],0,True
Src,18,1,32,16,75,33250,12,20,240,[7],[-1],1,[7],[-1],0,True
GAP,18,2,32,16,75,33250,5,27,135,"[8,9]","[1,1]",6,"[4,5,6,8,10,16]","[1,1,1,1,1,-1]",0,True
Rho,18,3,32,16,75,33250,30,2,60,"[6,9,12]","[1,-1,-1]",5,"[1,5,7,14,17]","[-1,1,1,1,1]",0,True
rock,18,1,32,16,75,33250,14,18,252,[10],[1],1,[10],[1],0,True
GDI,18,1,32,16,75,33250,16,16,256,[13],[-1],1,[13],[-1],0,True
Moe,18,3,32,16,75,33250,30,2,60,"[11,13,14]","[1,1,-1]",3,"[11,13,14]","[1,1,-1]",0,True
mlcp,18,1,32,16,75,33250,10,22,220,[11],[-1],1,[11],[-1],0,True
mlc,18,3,32,16,75,33250,28,4,112,"[11,14,15]","[1,-1,1]",3,"[11,14,17]","[1,-1,1]",0,True
Actin,18,2,32,16,75,33250,26,6,156,"[13,16]","[1,1]",2,"[13,16]","[1,1]",0,True
Twi,18,2,32,17,76,33251,9,23,207,"[0,1]","[1,1]",6,"[1,4,7,8,9,15]","[1,1,1,-1,1,1]",0,True
Sna,18,1,32,17,76,33251,21,11,231,[0],[1],1,[0],[1],0,True
Fog,18,2,32,17,76,33251,5,27,135,"[1,2]","[1,1]",2,"[1,2]","[1,1]",0,True
FogR,18,1,32,17,76,33251,13,19,247,[3],[1],1,[3],[1],0,True
Cta,18,1,32,17,76,33251,15,17,255,[4],[1],1,[4],[1],0,True
GEF,18,1,32,17,76,33251,16,16,256,[5],[1],1,[5],[1],0,True
Csk,18,1,32,17,76,33251,16,16,256,[5],[1],1,[5],[1],0,True
Src,18,1,32,17,76,33251,19,13,247,[7],[-1],1,[7],[-1],0,True
GAP,18,2,32,17,76,33251,9,23,207,"[8,9]","[1,1]",2,"[8,9]","[1,1]",0,True
Rho,18,3,32,17,76,33251,28,4,112,"[6,9,12]","[1,-1,-1]",6,"[6,7,10,11,12,17]","[1,1,1,-1,-1,1]",0,True
rock,18,1,32,17,76,33251,13,19,247,[10],[1],8,"[1,3,4,7,9,15,16,17]","[1,1,-1,-1,-1,1,-1,-1]",0,True
GDI,18,1,32,17,76,33251,16,16,256,[13],[-1],1,[13],[-1],0,True
Moe,18,3,32,17,76,33251,26,6,156,"[11,13,14]","[1,1,-1]",4,"[0,9,13,16]","[-1,-1,1,-1]",0,True
mlcp,18,1,32,17,76,33251,18,14,252,[11],[-1],1,[11],[-1],0,True
mlc,18,3,32,17,76,33251,25,7,175,"[11,14,15]","[1,-1,1]",4,"[3,11,15,16]","[-1,1,1,-1]",0,True
Actin,18,2,32,17,76,33251,25,7,175,"[13,16]","[1,1]",2,"[13,16]","[1,1]",0,True
Twi,18,2,32,18,77,33252,9,23,207,"[0,1]","[1,1]",2,"[0,1]","[1,1]",0,True
Sna,18,1,32,18,77,33252,19,13,247,[0],[1],1,[0],[1],0,True
Fog,18,2,32,18,77,33252,8,24,192,"[1,2]","[1,1]",2,"[1,2]","[1,1]",0,True
FogR,18,1,32,18,77,33252,17,15,255,[3],[1],1,[3],[1],0,True
Cta,18,1,32,18,77,33252,14,18,252,[4],[1],1,[4],[1],0,True
GEF,18,1,32,18,77,33252,10,22,220,[5],[1],1,[5],[1],0,True
Csk,18,1,32,18,77,33252,10,22,220,[5],[1],1,[5],[1],1,True
Src,18,1,32,18,77,33252,15,17,255,[7],[-1],1,[7],[-1],0,True
GAP,18,2,32,18,77,33252,9,23,207,"[8,9]","[1,1]",2,"[8,9]","[1,1]",0,True
Rho,18,3,32,18,77,33252,26,6,156,"[6,9,12]","[1,-1,-1]",5,"[0,5,6,12,15]","[1,1,1,-1,1]",0,True
rock,18,1,32,18,77,33252,17,15,255,[10],[1],1,[10],[1],0,True
GDI,18,1,32,18,77,33252,19,13,247,[13],[-1],1,[13],[-1],0,True
Moe,18,3,32,18,77,33252,24,8,192,"[11,13,14]","[1,1,-1]",7,"[1,4,6,10,12,14,15]","[1,1,-1,-1,-1,-1,-1]",0,True
mlcp,18,1,32,18,77,33252,20,12,240,[11],[-1],1,[11],[-1],0,True
mlc,18,3,32,18,77,33252,27,5,135,"[11,14,15]","[1,-1,1]",3,"[11,14,15]","[1,-1,1]",0,True
Actin,18,2,32,18,77,33252,21,11,231,"[13,16]","[1,1]",2,"[13,16]","[1,1]",0,True
Twi,18,2,32,19,78,33253,5,27,135,"[0,1]","[1,1]",2,"[0,1]","[1,1]",0,True
Sna,18,1,32,19,78,33253,10,22,220,[0],[1],1,[0],[1],0,True
Fog,18,2,32,19,78,33253,6,26,156,"[1,2]","[1,1]",2,"[1,2]","[1,1]",0,True
FogR,18,1,32,19,78,33253,14,18,252,[3],[1],1,[3],[1],0,True
Cta,18,1,32,19,78,33253,19,13,247,[4],[1],1,[4],[1],0,True
GEF,18,1,32,19,78,33253,14,18,252,[5],[1],1,[5],[1],0,True
Csk,18,1,32,19,78,33253,14,18,252,[5],[1],1,[5],[1],0,True
Src,18,1,32,19,78,33253,16,16,256,[7],[-1],1,[7],[-1],0,True
GAP,18,2,32,19,78,33253,6,26,156,"[8,9]","[1,1]",2,"[8,9]","[1,1]",0,True
Rho,18,3,32,19,78,33253,28,4,112,"[6,9,12]","[1,-1,-1]",5,"[3,6,11,14,17]","[1,1,-1,1,-1]",0,True
rock,18,1,32,19,78,33253,14,18,252,[10],[1],1,[10],[1],0,True
GDI,18,1,32,19,78,33253,10,22,220,[13],[-1],1,[13],[-1],0,True
Moe,18,3,32,19,78,33253,27,5,135,"[11,13,14]","[1,1,-1]",2,"[13,14]","[1,-1]",0,True
mlcp,18,1,32,19,78,33253,15,17,255,[11],[-1],1,[11],[-1],0,True
mlc,18,3,32,19,78,33253,28,4,112,"[11,14,15]","[1,-1,1]",6,"[4,9,11,15,16,17]","[1,-1,1,1,1,1]",0,True
Actin,18,2,32,19,78,33253,23,9,207,"[13,16]","[1,1]",4,"[4,9,12,13]","[-1,-1,1,1]",0,True
Twi,18,2,32,20,79,33254,8,24,192,"[0,1]","[1,1]",3,"[0,2,3]","[1,-1,-1]",0,True
Sna,18,1,32,20,79,33254,13,19,247,[0],[1],1,[0],[1],0,True
Fog,18,2,32,20,79,33254,9,23,207,"[1,2]","[1,1]",2,"[1,2]","[1,1]",0,True
FogR,18,1,32,20,79,33254,18,14,252,[3],[1],1,[3],[1],0,True
Cta,18,1,32,20,79,33254,16,16,256,[4],[1],1,[4],[1],0,True
GEF,18,1,32,20,79,33254,13,19,247,[5],[1],1,[5],[1],0,True
Csk,18,1,32,20,79,33254,13,19,247,[5],[1],1,[5],[1],0,True
Src,18,1,32,20,79,33254,17,15,255,[7],[-1],1,[7],[-1],0,True
GAP,18,2,32,20,79,33254,6,26,156,"[8,9]","[1,1]",6,"[2,9,11,13,14,17]","[-1,1,1,-1,-1,-1]",0,True
Rho,18,3,32,20,79,33254,28,4,112,"[6,9,12]","[1,-1,-1]",3,"[6,9,12]","[1,-1,-1]",0,True
rock,18,1,32,20,79,33254,21,11,231,[10],[1],1,[10],[1],0,True
GDI,18,1,32,20,79,33254,12,20,240,[13],[-1],1,[13],[-1],0,True
Moe,18,3,32,20,79,33254,27,5,135,"[11,13,14]","[1,1,-1]",2,"[11,13]","[1,1]",0,True
mlcp,18,1,32,20,79,33254,17,15,255,[11],[-1],1,[11],[-1],0,True
mlc,18,3,32,20,79,33254,25,7,175,"[11,14,15]","[1,-1,1]",4,"[10,11,12,15]","[-1,1,1,1]",0,True
Actin,18,2,32,20,79,33254,24,8,192,"[13,16]","[1,1]",2,"[13,16]","[1,1]",0,True
