regime,n,k,m,f_id,tb,support_true,signs_true,support_predicted,signs_predicted,support_tp,signed_tp,sign_errors
unrestricted,10,3,4,1,3,"[1,7,5]","[-1,1,1]","[4,5,9]","[-1,-1,-1]",1,0,1
unrestricted,50,3,8,1,1,"[17,39,41]","[-1,1,1]","[22,23,41]","[-1,1,-1]",1,0,1
unrestricted,50,3,8,1,4,"[17,39,41]","[-1,1,1]","[10,30,41]","[1,1,-1]",1,0,1
unrestricted,10,3,8,3,5,"[7,3,8]","[1,1,1]","[2,4,5,8]","[1,-1,-1,-1]",1,0,1
unrestricted,50,3,16,3,1,"[9,26,10]","[1,1,1]","[9,25,27,32,37,39]","[-1,-1,1,1,1,-1]",1,0,1
unrestricted,50,3,16,4,3,"[26,10,46]","[1,1,1]","[10,16,30,39,41,44]","[-1,-1,-1,-1,1,1]",1,0,1
unrestricted,10,3,8,10,5,"[5,8,2]","[-1,1,-1]","[2,5,6,9]","[1,-1,-1,1]",2,1,1
unrestricted,10,3,4,15,5,"[0,2,7]","[1,-1,-1]","[2,8]","[1,-1]",1,0,1
unrestricted,10,3,8,15,1,"[0,2,7]","[1,-1,-1]","[0,9]","[-1,1]",1,0,1
unrestricted,10,4,16,1,3,"[7,5,0,9]","[-1,-1,-1,1]","[0,1,2,6,9]","[-1,-1,-1,-1,-1]",2,1,1
unrestricted,10,4,16,2,1,"[7,8,2,3]","[1,1,-1,1]","[1,2,5,6,8,9]","[1,-1,1,1,-1,1]",2,1,1
unrestricted,50,4,8,2,5,"[11,6,8,37]","[1,1,-1,1]","[5,6,25,44]","[1,-1,-1,1]",1,0,1
unrestricted,50,4,8,4,3,"[29,27,10,35]","[-1,-1,-1,-1]","[18,35,48]","[1,1,1]",1,0,1
unrestricted,100,4,32,5,4,"[18,79,56,98]","[-1,-1,1,-1]","[6,28,49,61,64,73,84,98]","[1,-1,-1,1,1,1,-1,1]",1,0,1
unrestricted,50,4,32,6,5,"[23,6,9,38]","[1,1,-1,-1]","[21,23,38,44,46]","[1,1,1,-1,1]",2,1,1
unrestricted,50,4,16,8,4,"[12,13,3,42]","[-1,-1,1,-1]","[5,10,17,27,28,29,42,47]","[1,-1,1,1,-1,-1,1,1]",1,0,1
unrestricted,10,4,16,11,2,"[2,9,8,5]","[1,-1,1,-1]","[0,3,4,5,6,9]","[-1,1,-1,1,1,-1]",2,1,1
unrestricted,50,4,16,11,4,"[40,14,2,41]","[1,-1,1,-1]","[12,30,35,38,40,41,45]","[1,-1,1,-1,1,1,1]",2,1,1
unrestricted,100,4,16,11,4,"[57,40,49,34]","[1,-1,1,-1]","[12,38,50,57,64,86]","[-1,-1,1,-1,1,-1]",1,0,1
unrestricted,100,4,32,11,2,"[57,40,49,34]","[1,-1,1,-1]","[15,28,34,36,38,43,49,50,69,80,84,97]","[1,-1,-1,-1,-1,1,-1,-1,-1,-1,1,-1]",2,1,1
unrestricted,50,4,32,12,2,"[39,4,44,25]","[1,-1,1,-1]","[6,13,16,17,25,30,32,40]","[-1,1,1,1,1,-1,1,1]",1,0,1
unrestricted,10,4,8,13,3,"[3,8,0,1]","[1,-1,-1,1]","[0,7,8,9]","[1,1,-1,1]",2,1,1
unrestricted,100,4,16,13,4,"[87,80,82,51]","[1,-1,-1,1]","[38,52,57,74,87,94]","[-1,-1,1,1,-1,1]",1,0,1
unrestricted,100,4,32,13,3,"[87,80,82,51]","[1,-1,-1,1]","[5,47,57,69,70,77,87]","[-1,-1,-1,-1,1,1,-1]",1,0,1
unrestricted,10,4,16,14,1,"[0,7,3,6]","[1,1,-1,1]","[0,1,3,4,5,9]","[-1,1,-1,-1,-1,-1]",2,1,1
unrestricted,100,4,8,14,4,"[73,71,25,5]","[1,1,-1,1]","[5,37]","[-1,-1]",1,0,1
unrestricted,10,4,8,15,4,"[9,8,3,6]","[1,1,1,-1]","[1,2,3,8,9]","[-1,1,1,1,-1]",3,2,1
unrestricted,10,4,16,15,4,"[9,8,3,6]","[1,1,1,-1]","[1,2,3,4,5,7,8]","[1,-1,-1,-1,-1,1,1]",2,1,1
unrestricted,50,5,16,1,2,"[34,28,45,46,41]","[-1,-1,-1,1,-1]","[8,17,28,36,45]","[-1,1,-1,-1,1]",2,1,1
unrestricted,50,5,32,1,3,"[34,28,45,46,41]","[-1,-1,-1,1,-1]","[4,11,12,13,19,43,46]","[-1,1,-1,-1,-1,1,-1]",1,0,1
unrestricted,100,5,32,1,4,"[14,40,35,72,67]","[-1,-1,-1,1,-1]","[10,15,22,66,72,75,76,85]","[-1,1,1,-1,-1,1,1,-1]",1,0,1
unrestricted,100,5,64,1,4,"[14,40,35,72,67]","[-1,-1,-1,1,-1]","[21,23,58,62,65,67,70,76,77,91]","[1,-1,-1,1,-1,1,1,-1,-1,-1]",1,0,1
unrestricted,10,5,64,3,2,"[5,3,9,4,1]","[-1,-1,1,1,-1]","[0,1,4,5,7,8,9]","[-1,1,-1,-1,1,1,1]",4,2,2
unrestricted,10,5,16,4,5,"[3,4,8,1,0]","[-1,-1,-1,1,1]","[3,6,8,9]","[1,1,-1,1]",2,1,1
unrestricted,100,5,32,4,3,"[57,38,4,24,71]","[-1,-1,-1,1,1]","[18,23,45,54,71,96]","[1,1,1,-1,-1,-1]",1,0,1
unrestricted,10,5,16,5,2,"[9,3,0,4,2]","[1,1,-1,-1,-1]","[0,1,4,7]","[-1,-1,1,1]",2,1,1
unrestricted,50,5,16,5,2,"[22,38,13,32,14]","[1,1,-1,-1,-1]","[18,19,29,32,38,41,44]","[-1,1,1,1,-1,-1,1]",2,0,2
unrestricted,50,5,32,5,2,"[22,38,13,32,14]","[1,1,-1,-1,-1]","[2,4,14,25,28,31,35,45]","[-1,1,1,1,1,1,1,-1]",1,0,1
unrestricted,100,5,64,5,1,"[77,21,57,55,61]","[1,1,-1,-1,-1]","[0,21,48,57,58,65,67,82,83,97]","[1,-1,1,-1,-1,-1,-1,-1,-1,-1]",2,1,1
unrestricted,10,5,16,6,2,"[5,1,3,8,2]","[1,-1,-1,-1,-1]","[0,4,5,8]","[-1,1,-1,-1]",2,1,1
unrestricted,50,5,16,6,3,"[36,17,35,44,14]","[1,-1,-1,-1,-1]","[12,30,35,44,46]","[1,1,1,-1,1]",2,1,1
unrestricted,50,5,16,6,4,"[36,17,35,44,14]","[1,-1,-1,-1,-1]","[3,24,25,31,36]","[-1,-1,1,-1,-1]",1,0,1
unrestricted,50,5,64,6,1,"[36,17,35,44,14]","[1,-1,-1,-1,-1]","[9,14,17,19,22,24,32,40,41]","[-1,-1,1,-1,-1,1,1,-1,1]",2,1,1
unrestricted,50,5,64,6,2,"[36,17,35,44,14]","[1,-1,-1,-1,-1]","[6,8,10,17,29,31,33,35,38,39,49]","[-1,-1,1,1,1,-1,-1,-1,-1,-1,1]",2,1,1
unrestricted,50,5,64,6,3,"[36,17,35,44,14]","[1,-1,-1,-1,-1]","[12,14,15,16,19,26,38,39,44,48]","[-1,-1,1,1,-1,-1,1,-1,1,1]",2,1,1
unrestricted,50,5,64,6,4,"[36,17,35,44,14]","[1,-1,-1,-1,-1]","[2,14,17,22,23,28,36,40,49]","[-1,-1,-1,1,1,-1,-1,-1,1]",3,2,1
unrestricted,100,5,16,6,5,"[55,23,69,9,80]","[1,-1,-1,-1,-1]","[4,9,22,61,65,89]","[1,1,-1,1,-1,-1]",1,0,1
unrestricted,100,5,32,6,5,"[55,23,69,9,80]","[1,-1,-1,-1,-1]","[6,8,23,36,46,56,87,92]","[1,1,1,-1,1,1,1,-1]",1,0,1
unrestricted,100,5,64,6,2,"[55,23,69,9,80]","[1,-1,-1,-1,-1]","[3,15,16,23,34,35,41,46,67,72]","[1,-1,1,1,-1,-1,1,1,1,-1]",1,0,1
unrestricted,100,5,64,6,4,"[55,23,69,9,80]","[1,-1,-1,-1,-1]","[9,17,23,25,28,34,38,39,44,74,87,88,92]","[-1,-1,1,1,1,-1,-1,1,-1,-1,-1,-1,1]",2,1,1
unrestricted,100,5,64,6,5,"[55,23,69,9,80]","[1,-1,-1,-1,-1]","[2,9,11,16,18,26,34,61,70,74,84,86,92,93,94]","[-1,1,1,1,1,1,-1,1,-1,-1,1,-1,1,1,-1]",1,0,1
unrestricted,50,5,64,7,3,"[6,3,25,48,39]","[1,1,1,1,-1]","[5,13,17,19,24,26,29,35,39,41,46]","[1,-1,-1,-1,-1,-1,-1,1,1,1,1]",1,0,1
unrestricted,50,5,64,7,4,"[6,3,25,48,39]","[1,1,1,1,-1]","[3,11,13,27,31,32,34,39,44,46]","[1,1,1,1,1,-1,-1,1,1,-1]",2,1,1
unrestricted,100,5,16,8,2,"[70,23,50,91,84]","[1,-1,1,-1,-1]","[18,32,50,56,72,76,82]","[1,-1,-1,1,1,1,1]",1,0,1
unrestricted,50,5,32,9,3,"[31,43,32,39,5]","[1,1,-1,-1,1]","[4,5,18,19,24,30,31,33,34,39,41]","[-1,-1,-1,-1,1,-1,1,-1,1,-1,1]",3,2,1
unrestricted,10,5,16,10,3,"[0,5,4,7,2]","[1,-1,-1,1,-1]","[0,2,3,6,7]","[-1,-1,-1,-1,1]",3,2,1
unrestricted,10,5,32,11,5,"[0,5,6,2,7]","[1,1,1,-1,-1]","[0,1,4,5,7]","[-1,1,-1,1,-1]",3,2,1
unrestricted,10,5,16,12,3,"[1,6,8,3,0]","[1,-1,1,-1,1]","[0,1,3,6]","[1,1,1,-1]",4,3,1
unrestricted,10,5,16,12,4,"[1,6,8,3,0]","[1,-1,1,-1,1]","[0,2,3,4,9]","[1,1,1,1,-1]",2,1,1
unrestricted,50,5,64,12,4,"[42,18,47,17,6]","[1,-1,1,-1,1]","[0,9,13,17,23,42,44,47,48,49]","[1,1,1,1,-1,1,-1,1,1,1]",3,2,1
unrestricted,50,5,32,13,4,"[18,4,1,38,46]","[1,-1,-1,-1,-1]","[4,12,18,25,43]","[1,1,1,-1,-1]",2,1,1
unrestricted,10,5,16,14,4,"[6,8,3,2,4]","[-1,-1,1,-1,-1]","[1,6,8]","[-1,-1,1]",2,1,1
unrestricted,50,5,32,14,2,"[20,47,7,44,21]","[-1,-1,1,-1,-1]","[0,13,16,19,25,38,41,44,46]","[-1,-1,-1,1,-1,-1,1,1,1]",1,0,1
unrestricted,50,5,32,14,4,"[20,47,7,44,21]","[-1,-1,1,-1,-1]","[0,3,7,8,11,12,33,43,47,49]","[-1,-1,1,1,-1,-1,-1,1,1,-1]",2,1,1
unrestricted,50,5,64,14,3,"[20,47,7,44,21]","[-1,-1,1,-1,-1]","[3,5,7,8,10,11,16,22,31,32,38,44]","[-1,1,-1,-1,1,-1,1,-1,-1,1,1,-1]",2,1,1
unrestricted,100,5,64,14,3,"[95,65,77,39,85]","[-1,-1,1,-1,-1]","[17,37,47,51,52,56,61,67,73,80,88,93,95]","[-1,1,1,-1,-1,-1,1,1,1,1,-1,1,1]",1,0,1
unrestricted,50,6,64,1,2,"[46,49,24,17,10,47]","[1,-1,1,-1,-1,-1]","[4,5,14,19,24,34,44,46,47]","[-1,-1,1,1,1,1,-1,-1,-1]",3,2,1
unrestricted,50,6,128,1,4,"[46,49,24,17,10,47]","[1,-1,1,-1,-1,-1]","[0,1,5,10,16,17,21,25,26,32,33,35,36,41,44,48]","[-1,-1,1,1,1,-1,1,1,-1,-1,-1,-1,-1,-1,-1,1]",2,1,1
unrestricted,100,6,32,1,5,"[41,46,43,32,87,72]","[1,-1,1,-1,-1,-1]","[32,64,71,75,86,94,97]","[1,1,-1,1,1,-1,1]",1,0,1
unrestricted,50,6,128,2,1,"[43,7,28,4,5,25]","[1,1,-1,1,1,1]","[4,7,13,16,17,18,20,25,28,29,35,39,43,45,47,48]","[-1,1,1,-1,-1,-1,-1,1,-1,-1,1,-1,1,1,-1,1]",5,4,1
unrestricted,50,6,32,3,5,"[25,3,28,10,24,8]","[-1,1,1,1,-1,1]","[1,8,19,28,33,43,47]","[1,1,-1,-1,1,1,-1]",2,1,1
unrestricted,50,6,128,3,4,"[25,3,28,10,24,8]","[-1,1,1,1,-1,1]","[6,8,10,11,12,18,22,23,24,28,29,30,34,37,45,49]","[1,1,1,-1,-1,-1,-1,-1,-1,-1,-1,1,1,1,1,1]",4,3,1
unrestricted,50,6,128,3,5,"[25,3,28,10,24,8]","[-1,1,1,1,-1,1]","[1,3,4,8,10,15,23,24,27,28,31,34,41,45]","[-1,1,1,-1,1,-1,-1,1,-1,1,-1,-1,1,-1]",5,3,2
unrestricted,100,6,64,3,3,"[92,11,40,93,6,43]","[-1,1,1,1,-1,1]","[2,21,30,37,40,43,65,79,91,93,99]","[1,-1,1,1,1,-1,1,1,1,1,-1]",3,2,1
unrestricted,50,6,32,4,1,"[47,37,3,41,4,48]","[1,1,1,-1,1,1]","[1,5,6,13,18,19,27,28,43,47,48]","[-1,1,1,-1,1,1,1,1,1,1,-1]",2,1,1
unrestricted,50,6,64,4,1,"[47,37,3,41,4,48]","[1,1,1,-1,1,1]","[5,7,16,36,37,38,41,48,49]","[1,1,-1,1,1,1,-1,-1,-1]",3,2,1
unrestricted,100,6,128,4,1,"[6,21,64,45,40,11]","[1,1,1,-1,1,1]","[7,11,29,35,36,41,43,51,54,63,64,67,81,82,86,92,94,99]","[-1,-1,-1,-1,-1,1,1,-1,1,1,1,-1,-1,1,1,1,1,1]",2,1,1
unrestricted,50,6,32,5,4,"[38,1,2,36,19,32]","[-1,1,-1,1,-1,1]","[0,6,11,24,30,32,39,43,49]","[-1,1,-1,1,1,-1,1,-1,1]",1,0,1
unrestricted,50,6,64,5,5,"[38,1,2,36,19,32]","[-1,1,-1,1,-1,1]","[0,1,2,11,20,23,27,29,32,37,39,43]","[1,-1,-1,1,1,1,1,-1,1,-1,-1,1]",3,2,1
unrestricted,100,6,64,5,5,"[98,60,43,45,93,29]","[-1,1,-1,1,-1,1]","[11,13,23,33,36,37,55,60,66,68,74,82,87,89]","[1,1,-1,-1,-1,-1,-1,-1,1,-1,-1,-1,-1,1]",1,0,1
unrestricted,50,6,32,6,5,"[43,26,46,49,6,16]","[-1,-1,-1,1,1,-1]","[6,8,16,17,28,29,30,43,47,48]","[1,1,1,-1,1,1,1,-1,-1,-1]",3,2,1
unrestricted,10,6,32,7,4,"[0,1,3,5,2,9]","[1,1,-1,-1,1,1]","[0,1,2,4,5]","[-1,1,1,1,-1]",4,3,1
unrestricted,50,6,32,7,3,"[10,47,46,14,22,35]","[1,1,-1,-1,1,1]","[3,14,19,23,29,32,44,46,47,48]","[-1,1,-1,1,-1,1,1,-1,1,-1]",3,2,1
unrestricted,50,6,32,7,4,"[10,47,46,14,22,35]","[1,1,-1,-1,1,1]","[7,10,21,28,30,31,36,45,47]","[-1,-1,-1,1,1,-1,1,1,1]",2,1,1
unrestricted,50,6,32,7,5,"[10,47,46,14,22,35]","[1,1,-1,-1,1,1]","[4,6,14,18,26,31,33,34,48]","[1,1,1,1,1,-1,-1,-1,-1]",1,0,1
unrestricted,50,6,128,7,1,"[10,47,46,14,22,35]","[1,1,-1,-1,1,1]","[6,10,11,14,15,24,26,27,34,37,38,40,43,47,48,49]","[-1,-1,-1,1,-1,1,1,1,1,1,-1,-1,1,1,-1,-1]",3,1,2
unrestricted,100,6,128,7,4,"[41,78,57,46,79,98]","[1,1,-1,-1,1,1]","[0,4,5,6,29,35,41,44,45,46,54,59,61,62,86,89,97,98]","[1,-1,-1,-1,1,-1,-1,-1,-1,-1,-1,-1,1,-1,-1,1,1,-1]",3,1,2
unrestricted,10,6,32,8,2,"[4,9,6,0,5,1]","[-1,-1,1,1,-1,-1]","[0,1,3,5,6,8]","[1,-1,1,1,1,-1]",4,3,1
unrestricted,50,6,32,8,2,"[33,49,31,24,3,7]","[-1,-1,1,1,-1,-1]","[2,14,24,25,33,41,44,45]","[1,1,1,-1,1,1,1,-1]",2,1,1
unrestricted,50,6,128,8,4,"[33,49,31,24,3,7]","[-1,-1,1,1,-1,-1]","[0,2,3,4,6,9,12,13,22,27,29,30,37,38,44,47]","[1,-1,1,1,1,-1,1,-1,1,1,-1,-1,-1,-1,1,1]",1,0,1
unrestricted,100,6,128,8,4,"[93,41,78,67,32,98]","[-1,-1,1,1,-1,-1]","[23,32,37,38,47,54,56,68,70,76,78,85,87,92,97]","[-1,1,-1,1,1,-1,-1,-1,-1,-1,1,1,-1,1,1]",2,1,1
unrestricted,50,6,64,9,4,"[17,33,15,6,40,45]","[1,1,1,1,-1,-1]","[0,6,15,30,35,42,45,48]","[-1,1,1,-1,-1,1,1,1]",3,2,1
unrestricted,50,6,64,10,2,"[41,23,37,40,8,29]","[1,-1,-1,-1,-1,1]","[0,3,8,16,25,26,27,28,30,32,40,42,45]","[-1,-1,1,1,1,1,-1,-1,-1,1,-1,1,1]",2,1,1
unrestricted,50,6,64,10,5,"[41,23,37,40,8,29]","[1,-1,-1,-1,-1,1]","[5,6,8,11,16,19,20,25,29,41,42]","[1,1,-1,-1,1,1,1,1,-1,1,1]",3,2,1
unrestricted,50,6,32,11,1,"[6,14,5,37,33,4]","[1,1,-1,1,-1,1]","[4,6,8,13,31,37,43,49]","[1,1,1,-1,-1,-1,-1,1]",3,2,1
unrestricted,50,6,64,11,3,"[6,14,5,37,33,4]","[1,1,-1,1,-1,1]","[2,3,5,6,10,14,30,37,40,43,49]","[1,-1,-1,1,1,-1,-1,1,-1,1,-1]",4,3,1
unrestricted,100,6,32,11,4,"[28,11,99,21,14,83]","[1,1,-1,1,-1,1]","[16,17,20,29,31,92,94,99]","[-1,1,-1,1,-1,-1,-1,1]",1,0,1
unrestricted,100,6,64,11,4,"[28,11,99,21,14,83]","[1,1,-1,1,-1,1]","[0,14,19,21,24,35,41,54,57,61,66,89]","[1,1,-1,1,-1,1,-1,-1,-1,1,-1,1]",2,1,1
unrestricted,10,6,64,12,5,"[8,4,0,5,7,1]","[1,-1,1,1,-1,1]","[0,4,5,6,7,8,9]","[1,-1,1,-1,-1,-1,1]",5,4,1
unrestricted,50,6,32,12,4,"[21,34,9,10,8,6]","[1,-1,1,1,-1,1]","[1,6,11,13,31,40,41,46,48]","[1,-1,1,1,1,1,1,-1,-1]",1,0,1
unrestricted,50,6,128,12,1,"[21,34,9,10,8,6]","[1,-1,1,1,-1,1]","[0,2,4,9,10,13,14,15,19,20,21,24,25,30,32,35,41]","[1,-1,1,1,-1,1,-1,-1,1,1,1,1,-1,1,1,-1,1]",3,2,1
unrestricted,100,6,32,12,4,"[44,87,79,46,89,18]","[1,-1,1,1,-1,1]","[6,7,8,36,44,48,51,66]","[1,-1,1,1,-1,1,1,1]",1,0,1
unrestricted,100,6,64,12,1,"[44,87,79,46,89,18]","[1,-1,1,1,-1,1]","[20,34,45,46,60,64,69,73,74,76,77,93]","[1,1,-1,-1,1,-1,1,-1,1,1,1,1]",1,0,1
unrestricted,10,6,32,13,3,"[5,6,4,3,1,9]","[1,1,1,1,1,1]","[0,3,4,5,6,8]","[1,1,1,1,-1,-1]",4,3,1
unrestricted,50,6,32,13,1,"[1,2,23,22,49,3]","[1,1,1,1,1,1]","[0,23,24,34,36,37,38,40,45,49]","[1,1,1,-1,1,-1,-1,-1,1,-1]",2,1,1
unrestricted,50,6,64,13,1,"[1,2,23,22,49,3]","[1,1,1,1,1,1]","[2,3,8,9,12,17,22,24,26,31,35,40,43,46,48]","[-1,-1,1,1,-1,-1,1,1,1,1,-1,-1,-1,-1,1]",3,1,2
unrestricted,100,6,32,14,5,"[68,56,20,8,87,38]","[1,1,1,1,1,-1]","[7,15,20,30,50,64,86]","[1,1,-1,-1,-1,-1,1]",1,0,1
unrestricted,100,6,64,14,1,"[68,56,20,8,87,38]","[1,1,1,1,1,-1]","[12,22,27,32,39,56,62,65,85,89,91,95,98]","[1,1,1,-1,-1,-1,-1,1,1,1,1,1,1]",1,0,1
unrestricted,100,6,128,14,3,"[68,56,20,8,87,38]","[1,1,1,1,1,-1]","[6,16,31,36,49,53,54,55,61,68,69,76,80,83,85,86,99]","[1,1,1,-1,-1,1,-1,-1,-1,-1,1,-1,-1,1,1,1,-1]",1,0,1
unrestricted,50,6,32,15,2,"[22,40,19,10,24,21]","[1,1,-1,1,-1,-1]","[7,10,22,24,28,36,41]","[1,1,-1,-1,-1,-1,1]",3,2,1
unrestricted,100,6,32,15,1,"[74,16,10,25,3,54]","[1,1,-1,1,-1,-1]","[10,21,31,32,43,47,58,69,80]","[1,-1,1,-1,-1,1,-1,-1,-1]",1,0,1
unrestricted,100,6,32,15,2,"[74,16,10,25,3,54]","[1,1,-1,1,-1,-1]","[0,26,33,40,42,44,54,58,64]","[-1,-1,1,1,1,1,1,-1,-1]",1,0,1
kmax10,10,3,4,1,3,"[1,7,5]","[-1,1,1]","[4,5,9]","[-1,-1,-1]",1,0,1
kmax10,50,3,8,1,1,"[17,39,41]","[-1,1,1]","[22,23,41]","[-1,1,-1]",1,0,1
kmax10,50,3,8,1,4,"[17,39,41]","[-1,1,1]","[10,30,41]","[1,1,-1]",1,0,1
kmax10,10,3,8,3,5,"[7,3,8]","[1,1,1]","[2,4,5,8]","[1,-1,-1,-1]",1,0,1
kmax10,50,3,16,3,1,"[9,26,10]","[1,1,1]","[9,25,27,32,37,39]","[-1,-1,1,1,1,-1]",1,0,1
kmax10,50,3,16,4,3,"[26,10,46]","[1,1,1]","[10,16,30,39,41,44]","[-1,-1,-1,-1,1,1]",1,0,1
kmax10,10,3,8,10,5,"[5,8,2]","[-1,1,-1]","[2,5,6,9]","[1,-1,-1,1]",2,1,1
kmax10,10,3,4,15,5,"[0,2,7]","[1,-1,-1]","[2,8]","[1,-1]",1,0,1
kmax10,10,3,8,15,1,"[0,2,7]","[1,-1,-1]","[0,9]","[-1,1]",1,0,1
kmax10,10,4,16,1,3,"[7,5,0,9]","[-1,-1,-1,1]","[0,1,2,6,9]","[-1,-1,-1,-1,-1]",2,1,1
kmax10,10,4,16,2,1,"[7,8,2,3]","[1,1,-1,1]","[1,2,5,6,8,9]","[1,-1,1,1,-1,1]",2,1,1
kmax10,50,4,8,2,5,"[11,6,8,37]","[1,1,-1,1]","[5,6,25,44]","[1,-1,-1,1]",1,0,1
kmax10,50,4,8,4,3,"[29,27,10,35]","[-1,-1,-1,-1]","[18,35,48]","[1,1,1]",1,0,1
kmax10,50,4,32,6,5,"[23,6,9,38]","[1,1,-1,-1]","[21,23,38,44,46]","[1,1,1,-1,1]",2,1,1
kmax10,50,4,16,8,4,"[12,13,3,42]","[-1,-1,1,-1]","[5,10,17,27,28,29,42,47]","[1,-1,1,1,-1,-1,1,1]",1,0,1
kmax10,10,4,16,11,2,"[2,9,8,5]","[1,-1,1,-1]","[0,3,4,5,6,9]","[-1,1,-1,1,1,-1]",2,1,1
kmax10,50,4,16,11,4,"[40,14,2,41]","[1,-1,1,-1]","[12,30,35,38,40,41,45]","[1,-1,1,-1,1,1,1]",2,1,1
kmax10,100,4,16,11,4,"[57,40,49,34]","[1,-1,1,-1]","[12,38,50,57,64,86]","[-1,-1,1,-1,1,-1]",1,0,1
kmax10,50,4,32,12,2,"[39,4,44,25]","[1,-1,1,-1]","[6,13,16,17,25,30,32,40]","[-1,1,1,1,1,-1,1,1]",1,0,1
kmax10,10,4,8,13,3,"[3,8,0,1]","[1,-1,-1,1]","[0,7,8,9]","[1,1,-1,1]",2,1,1
kmax10,100,4,16,13,4,"[87,80,82,51]","[1,-1,-1,1]","[38,52,57,74,87,94]","[-1,-1,1,1,-1,1]",1,0,1
kmax10,100,4,32,13,3,"[87,80,82,51]","[1,-1,-1,1]","[5,47,57,69,70,77,87]","[-1,-1,-1,-1,1,1,-1]",1,0,1
kmax10,10,4,16,14,1,"[0,7,3,6]","[1,1,-1,1]","[0,1,3,4,5,9]","[-1,1,-1,-1,-1,-1]",2,1,1
kmax10,100,4,8,14,4,"[73,71,25,5]","[1,1,-1,1]","[5,37]","[-1,-1]",1,0,1
kmax10,10,4,8,15,4,"[9,8,3,6]","[1,1,1,-1]","[1,2,3,8,9]","[-1,1,1,1,-1]",3,2,1
kmax10,10,4,16,15,4,"[9,8,3,6]","[1,1,1,-1]","[1,2,3,4,5,7,8]","[1,-1,-1,-1,-1,1,1]",2,1,1
kmax10,50,4,32,15,2,"[20,38,6,18]","[1,1,1,-1]","[2,5,6,7,11,30,34,36,45,49]","[-1,1,-1,1,1,-1,-1,1,1,1]",1,0,1
kmax10,50,5,16,1,2,"[34,28,45,46,41]","[-1,-1,-1,1,-1]","[8,17,28,36,45]","[-1,1,-1,-1,1]",2,1,1
kmax10,50,5,32,1,3,"[34,28,45,46,41]","[-1,-1,-1,1,-1]","[4,11,12,13,19,43,46]","[-1,1,-1,-1,-1,1,-1]",1,0,1
kmax10,100,5,32,1,4,"[14,40,35,72,67]","[-1,-1,-1,1,-1]","[10,15,22,66,72,75,76,85]","[-1,1,1,-1,-1,1,1,-1]",1,0,1
kmax10,10,5,64,3,2,"[5,3,9,4,1]","[-1,-1,1,1,-1]","[0,1,4,5,7,8,9]","[-1,1,-1,-1,1,1,1]",4,2,2
kmax10,100,5,64,3,3,"[95,74,82,66,24]","[-1,-1,1,1,-1]","[15,40,66,70,92,94,95,98]","[-1,1,-1,-1,-1,1,-1,1]",2,1,1
kmax10,10,5,16,4,5,"[3,4,8,1,0]","[-1,-1,-1,1,1]","[3,6,8,9]","[1,1,-1,1]",2,1,1
kmax10,100,5,32,4,3,"[57,38,4,24,71]","[-1,-1,-1,1,1]","[18,23,45,54,71,96]","[1,1,1,-1,-1,-1]",1,0,1
kmax10,100,5,64,4,1,"[57,38,4,24,71]","[-1,-1,-1,1,1]","[12,17,19,20,57,73,78,80,83,88]","[1,-1,-1,-1,1,-1,1,1,1,-1]",1,0,1
kmax10,10,5,16,5,2,"[9,3,0,4,2]","[1,1,-1,-1,-1]","[0,1,4,7]","[-1,-1,1,1]",2,1,1
kmax10,50,5,16,5,2,"[22,38,13,32,14]","[1,1,-1,-1,-1]","[18,19,29,32,38,41,44]","[-1,1,1,1,-1,-1,1]",2,0,2
kmax10,50,5,32,5,2,"[22,38,13,32,14]","[1,1,-1,-1,-1]","[2,4,14,25,28,31,35,45]","[-1,1,1,1,1,1,1,-1]",1,0,1
kmax10,100,5,64,5,1,"[77,21,57,55,61]","[1,1,-1,-1,-1]","[0,21,48,57,58,65,67,82,83,97]","[1,-1,1,-1,-1,-1,-1,-1,-1,-1]",2,1,1
kmax10,10,5,16,6,2,"[5,1,3,8,2]","[1,-1,-1,-1,-1]","[0,4,5,8]","[-1,1,-1,-1]",2,1,1
kmax10,50,5,16,6,3,"[36,17,35,44,14]","[1,-1,-1,-1,-1]","[12,30,35,44,46]","[1,1,1,-1,1]",2,1,1
kmax10,50,5,16,6,4,"[36,17,35,44,14]","[1,-1,-1,-1,-1]","[3,24,25,31,36]","[-1,-1,1,-1,-1]",1,0,1
kmax10,50,5,64,6,4,"[36,17,35,44,14]","[1,-1,-1,-1,-1]","[2,14,17,22,23,28,36,40,49]","[-1,-1,-1,1,1,-1,-1,-1,1]",3,2,1
kmax10,100,5,16,6,5,"[55,23,69,9,80]","[1,-1,-1,-1,-1]","[4,9,22,61,65,89]","[1,1,-1,1,-1,-1]",1,0,1
kmax10,100,5,32,6,5,"[55,23,69,9,80]","[1,-1,-1,-1,-1]","[6,8,23,36,46,56,87,92]","[1,1,1,-1,1,1,1,-1]",1,0,1
kmax10,100,5,64,6,1,"[55,23,69,9,80]","[1,-1,-1,-1,-1]","[0,17,26,39,55,69,80,97]","[-1,-1,-1,-1,-1,-1,-1,1]",3,2,1
kmax10,100,5,64,6,3,"[55,23,69,9,80]","[1,-1,-1,-1,-1]","[4,7,31,40,44,55,57,62,74,80]","[1,-1,-1,1,1,-1,-1,-1,-1,-1]",2,1,1
kmax10,100,5,16,8,2,"[70,23,50,91,84]","[1,-1,1,-1,-1]","[18,32,50,56,72,76,82]","[1,-1,-1,1,1,1,1]",1,0,1
kmax10,10,5,16,10,3,"[0,5,4,7,2]","[1,-1,-1,1,-1]","[0,2,3,6,7]","[-1,-1,-1,-1,1]",3,2,1
kmax10,10,5,32,11,5,"[0,5,6,2,7]","[1,1,1,-1,-1]","[0,1,4,5,7]","[-1,1,-1,1,-1]",3,2,1
kmax10,10,5,16,12,3,"[1,6,8,3,0]","[1,-1,1,-1,1]","[0,1,3,6]","[1,1,1,-1]",4,3,1
kmax10,10,5,16,12,4,"[1,6,8,3,0]","[1,-1,1,-1,1]","[0,2,3,4,9]","[1,1,1,1,-1]",2,1,1
kmax10,50,5,32,13,4,"[18,4,1,38,46]","[1,-1,-1,-1,-1]","[4,12,18,25,43]","[1,1,1,-1,-1]",2,1,1
kmax10,10,5,16,14,4,"[6,8,3,2,4]","[-1,-1,1,-1,-1]","[1,6,8]","[-1,-1,1]",2,1,1
kmax10,100,6,32,1,5,"[41,46,43,32,87,72]","[1,-1,1,-1,-1,-1]","[32,64,71,75,86,94,97]","[1,1,-1,1,1,-1,1]",1,0,1
kmax10,50,6,32,3,5,"[25,3,28,10,24,8]","[-1,1,1,1,-1,1]","[1,8,19,28,33,43,47]","[1,1,-1,-1,1,1,-1]",2,1,1
kmax10,100,6,32,3,3,"[92,11,40,93,6,43]","[-1,1,1,1,-1,1]","[13,18,29,40,44,47,48,84]","[1,1,-1,-1,1,-1,1,1]",1,0,1
kmax10,100,6,64,3,1,"[92,11,40,93,6,43]","[-1,1,1,1,-1,1]","[11,13,24,25,76,92,93]","[-1,1,-1,1,1,-1,1]",3,2,1
kmax10,100,6,32,4,1,"[6,21,64,45,40,11]","[1,1,1,-1,1,1]","[11,38,41,47,60,64,73,95]","[-1,1,-1,-1,1,1,-1,1]",2,1,1
kmax10,50,6,32,5,4,"[38,1,2,36,19,32]","[-1,1,-1,1,-1,1]","[0,6,11,24,30,32,39,43,49]","[-1,1,-1,1,1,-1,1,-1,1]",1,0,1
kmax10,50,6,32,6,5,"[43,26,46,49,6,16]","[-1,-1,-1,1,1,-1]","[6,8,16,17,28,29,30,43,47,48]","[1,1,1,-1,1,1,1,-1,-1,-1]",3,2,1
kmax10,10,6,32,7,4,"[0,1,3,5,2,9]","[1,1,-1,-1,1,1]","[0,1,2,4,5]","[-1,1,1,1,-1]",4,3,1
kmax10,50,6,32,7,4,"[10,47,46,14,22,35]","[1,1,-1,-1,1,1]","[7,10,21,28,30,31,36,45,47]","[-1,-1,-1,1,1,-1,1,1,1]",2,1,1
kmax10,50,6,32,7,5,"[10,47,46,14,22,35]","[1,1,-1,-1,1,1]","[4,6,14,18,26,31,33,34,48]","[1,1,1,1,1,-1,-1,-1,-1]",1,0,1
kmax10,100,6,128,7,2,"[41,78,57,46,79,98]","[1,1,-1,-1,1,1]","[38,40,41,46,50,62,78,79,81]","[1,1,-1,-1,-1,-1,1,1,1]",4,3,1
kmax10,10,6,32,8,2,"[4,9,6,0,5,1]","[-1,-1,1,1,-1,-1]","[0,1,3,5,6,8]","[1,-1,1,1,1,-1]",4,3,1
kmax10,50,6,32,8,2,"[33,49,31,24,3,7]","[-1,-1,1,1,-1,-1]","[2,14,24,25,33,41,44,45]","[1,1,1,-1,1,1,1,-1]",2,1,1
kmax10,50,6,64,9,4,"[17,33,15,6,40,45]","[1,1,1,1,-1,-1]","[0,6,15,30,35,42,45,48]","[-1,1,1,-1,-1,1,1,1]",3,2,1
kmax10,100,6,32,11,4,"[28,11,99,21,14,83]","[1,1,-1,1,-1,1]","[16,17,20,29,31,92,94,99]","[-1,1,-1,1,-1,-1,-1,1]",1,0,1
kmax10,10,6,64,12,5,"[8,4,0,5,7,1]","[1,-1,1,1,-1,1]","[0,4,5,6,7,8,9]","[1,-1,1,-1,-1,-1,1]",5,4,1
kmax10,50,6,32,12,4,"[21,34,9,10,8,6]","[1,-1,1,1,-1,1]","[1,6,11,13,31,40,41,46,48]","[1,-1,1,1,1,1,1,-1,-1]",1,0,1
kmax10,100,6,32,12,4,"[44,87,79,46,89,18]","[1,-1,1,1,-1,1]","[6,7,8,36,44,48,51,66]","[1,-1,1,1,-1,1,1,1]",1,0,1
kmax10,10,6,32,13,3,"[5,6,4,3,1,9]","[1,1,1,1,1,1]","[0,3,4,5,6,8]","[1,1,1,1,-1,-1]",4,3,1
kmax10,50,6,32,13,1,"[1,2,23,22,49,3]","[1,1,1,1,1,1]","[0,23,24,34,36,37,38,40,45,49]","[1,1,1,-1,1,-1,-1,-1,1,-1]",2,1,1
kmax10,50,6,64,13,1,"[1,2,23,22,49,3]","[1,1,1,1,1,1]","[1,2,17,30,36,39,48,49]","[1,-1,1,1,1,-1,-1,1]",3,2,1
kmax10,100,6,32,13,4,"[90,82,15,41,52,39]","[1,1,1,1,1,1]","[23,60,67,74,82,92]","[1,-1,-1,-1,-1,-1]",1,0,1
kmax10,100,6,64,13,5,"[90,82,15,41,52,39]","[1,1,1,1,1,1]","[41,46,52,53,59,61,85,90]","[1,-1,-1,-1,-1,1,1,1]",3,2,1
kmax10,50,6,64,14,2,"[33,10,8,36,43,22]","[1,1,1,1,1,-1]","[1,3,5,10,11,19,28,32,36,47]","[-1,-1,-1,-1,1,-1,1,-1,1,-1]",2,1,1
kmax10,100,6,32,14,5,"[68,56,20,8,87,38]","[1,1,1,1,1,-1]","[7,15,20,30,50,64,86]","[1,1,-1,-1,-1,-1,1]",1,0,1
kmax10,50,6,32,15,2,"[22,40,19,10,24,21]","[1,1,-1,1,-1,-1]","[7,10,22,24,28,36,41]","[1,1,-1,-1,-1,-1,1]",3,2,1
kmax10,100,6,32,15,1,"[74,16,10,25,3,54]","[1,1,-1,1,-1,-1]","[10,21,31,32,43,47,58,69,80]","[1,-1,1,-1,-1,1,-1,-1,-1]",1,0,1
kmax10,100,6,32,15,2,"[74,16,10,25,3,54]","[1,1,-1,1,-1,-1]","[0,26,33,40,42,44,54,58,64]","[-1,-1,1,1,1,1,1,-1,-1]",1,0,1
