n,m,tb_count,seed_min,seed_max,F0_size,F1_size,d,time_mean,time_std,time_median,time_min,time_max,time_cv,restarts_mean,restarts_std,restarts_median,restarts_min,restarts_max,sigma_weight_mean,sigma_weight_std,sigma_weight_median,sigma_weight_min,sigma_weight_max,num_found,num_not_found,found_rate
500,50,10,50051235,50051244,25,25,625,1.1921,0.0579,1.1846,1.0984,1.2848,0.0486,0.0000,0.0000,0.0000,0,0,13.2000,0.7888,13.0000,12,14,10,0,1.0000
500,100,10,50101235,50101244,50,50,2500,4.9326,0.1803,4.9703,4.5821,5.1589,0.0366,0.0000,0.0000,0.0000,0,0,18.0000,0.9428,18.0000,16,19,10,0,1.0000
500,150,10,50151235,50151244,75,75,5625,17.1410,0.7374,16.9310,16.2956,18.8463,0.0430,0.0000,0.0000,0.0000,0,0,20.4000,1.1738,20.0000,19,23,10,0,1.0000
500,200,10,50201235,50201244,100,100,10000,50.1865,2.5443,50.4124,47.5137,53.7337,0.0507,0.0000,0.0000,0.0000,0,0,22.3000,1.2517,22.5000,21,24,10,0,1.0000
500,250,10,50251235,50251244,125,125,15625,123.4986,3.2256,123.5039,118.4816,128.3549,0.0261,0.0000,0.0000,0.0000,0,0,24.0000,0.6667,24.0000,23,25,10,0,1.0000
500,300,10,50301235,50301244,150,150,22500,268.0982,9.6588,268.3670,257.3364,278.8208,0.0360,0.0000,0.0000,0.0000,0,0,26.0000,0.9428,26.0000,25,27,10,0,1.0000
1000,50,10,100051235,100051244,25,25,625,2.2495,0.1502,2.2304,2.0328,2.4791,0.0668,0.0000,0.0000,0.0000,0,0,12.9000,1.2867,12.0000,12,15,10,0,1.0000
1000,100,10,100101235,100101244,50,50,2500,7.9818,0.3490,8.0839,7.3686,8.4295,0.0437,0.0000,0.0000,0.0000,0,0,17.2000,1.4757,17.5000,15,19,10,0,1.0000
1000,150,10,100151235,100151244,75,75,5625,23.8565,1.1014,23.7965,22.7250,26.1288,0.0462,0.0000,0.0000,0.0000,0,0,20.6000,1.5776,20.5000,19,24,10,0,1.0000
1000,200,10,100201235,100201244,100,100,10000,62.9507,3.5442,62.0781,57.5980,70.6126,0.0563,0.0000,0.0000,0.0000,0,0,22.5000,1.6499,22.0000,20,26,10,0,1.0000
1000,250,10,100251235,100251244,125,125,15625,146.8436,9.0840,147.9950,129.8576,160.8180,0.0619,0.0000,0.0000,0.0000,0,0,24.3000,1.7670,24.5000,21,27,10,0,1.0000
1000,300,10,100301235,100301244,150,150,22500,297.6499,11.5427,294.8777,283.0072,316.7915,0.0388,0.0000,0.0000,0.0000,0,0,25.3000,1.0593,25.0000,24,27,10,0,1.0000
2000,50,10,200051235,200051244,25,25,625,4.7731,0.2361,4.6950,4.5351,5.2020,0.0495,0.0000,0.0000,0.0000,0,0,13.1000,1.1972,13.0000,12,16,10,0,1.0000
2000,100,10,200101235,200101244,50,50,2500,14.9649,0.4016,14.9007,14.2504,15.5997,0.0268,0.0000,0.0000,0.0000,0,0,18.3000,1.1595,18.0000,17,21,10,0,1.0000
2000,150,10,200151235,200151244,75,75,5625,37.9212,1.6147,38.2883,35.3730,40.5178,0.0426,0.0000,0.0000,0.0000,0,0,21.2000,1.5492,22.0000,19,23,10,0,1.0000
2000,200,10,200201235,200201244,100,100,10000,85.7886,2.4673,86.5812,81.4588,89.0528,0.0288,0.0000,0.0000,0.0000,0,0,22.6000,0.9661,23.0000,21,24,10,0,1.0000
2000,250,10,200251235,200251244,125,125,15625,180.1508,5.1117,180.9779,169.9687,187.0307,0.0284,0.0000,0.0000,0.0000,0,0,23.8000,0.9189,24.0000,22,25,10,0,1.0000
2000,300,10,200301235,200301244,150,150,22500,351.9534,13.4587,358.0668,324.4310,369.9022,0.0382,0.0000,0.0000,0.0000,0,0,25.4000,1.1738,26.0000,23,27,10,0,1.0000
3000,50,10,300051235,300051244,25,25,625,7.5839,0.4603,7.6147,6.9292,8.2705,0.0607,0.0000,0.0000,0.0000,0,0,13.7000,1.3375,13.5000,12,16,10,0,1.0000
3000,100,10,300101235,300101244,50,50,2500,21.8337,0.6386,21.7670,20.6760,22.6391,0.0292,0.0000,0.0000,0.0000,0,0,17.8000,1.1353,18.0000,16,20,10,0,1.0000
3000,150,10,300151235,300151244,75,75,5625,51.4375,1.4950,51.4052,49.3481,53.9468,0.0291,0.0000,0.0000,0.0000,0,0,20.9000,1.3703,21.0000,19,23,10,0,1.0000
3000,200,10,300201235,300201244,100,100,10000,108.8788,3.1532,107.7419,103.7135,113.8039,0.0290,0.0000,0.0000,0.0000,0,0,22.4000,1.3499,22.0000,20,24,10,0,1.0000
3000,250,10,300251235,300251244,125,125,15625,224.9143,7.3035,225.4884,210.8352,240.1088,0.0325,0.0000,0.0000,0.0000,0,0,25.5000,1.2693,25.5000,23,28,10,0,1.0000
3000,300,10,300301235,300301244,150,150,22500,411.1744,12.0725,414.4513,386.4581,421.9328,0.0294,0.0000,0.0000,0.0000,0,0,26.2000,1.0328,26.5000,24,27,10,0,1.0000
4000,50,10,400051235,400051244,25,25,625,10.1017,0.6975,10.0029,9.2605,11.7350,0.0690,0.0000,0.0000,0.0000,0,0,12.4000,1.5055,12.0000,11,16,10,0,1.0000
4000,100,10,400101235,400101244,50,50,2500,29.3256,0.9505,29.3281,28.0782,31.1880,0.0324,0.0000,0.0000,0.0000,0,0,18.1000,1.1972,18.0000,16,20,10,0,1.0000
4000,150,10,400151235,400151244,75,75,5625,64.7632,1.9465,64.6855,62.0994,67.7170,0.0301,0.0000,0.0000,0.0000,0,0,20.5000,1.1785,20.0000,19,22,10,0,1.0000
4000,200,10,400201235,400201244,100,100,10000,134.2494,3.3716,134.0620,128.6567,139.7445,0.0251,0.0000,0.0000,0.0000,0,0,23.0000,1.2472,23.0000,21,25,10,0,1.0000
4000,250,10,400251235,400251244,125,125,15625,250.1603,12.1008,251.2709,228.7624,269.4319,0.0484,0.0000,0.0000,0.0000,0,0,24.0000,1.8856,24.0000,21,27,10,0,1.0000
4000,300,10,400301235,400301244,150,150,22500,459.4366,15.1590,463.7293,435.6010,479.9549,0.0330,0.0000,0.0000,0.0000,0,0,26.1000,1.2867,26.5000,24,28,10,0,1.0000
5000,50,10,500051235,500051244,25,25,625,13.7660,0.8303,13.3524,12.9261,15.5060,0.0603,0.0000,0.0000,0.0000,0,0,13.9000,1.6633,13.5000,12,17,10,0,1.0000
5000,100,10,500101235,500101244,50,50,2500,37.2718,0.8112,37.4480,35.9018,38.3886,0.0218,0.0000,0.0000,0.0000,0,0,18.8000,1.0328,19.0000,17,20,10,0,1.0000
5000,150,10,500151235,500151244,75,75,5625,80.7560,1.6612,80.9960,78.0722,83.0725,0.0206,0.0000,0.0000,0.0000,0,0,21.2000,1.0328,21.0000,20,23,10,0,1.0000
5000,200,10,500201235,500201244,100,100,10000,157.1052,3.1564,157.2491,151.8561,162.7907,0.0201,0.0000,0.0000,0.0000,0,0,22.7000,1.3375,23.0000,20,25,10,0,1.0000
5000,250,10,500251235,500251244,125,125,15625,289.5688,7.4471,289.9555,280.1209,304.2900,0.0257,0.0000,0.0000,0.0000,0,0,24.3000,1.3375,24.5000,23,27,10,0,1.0000
5000,300,10,500301235,500301244,150,150,22500,498.1663,19.1467,496.5541,458.8607,529.5573,0.0384,0.0000,0.0000,0.0000,0,0,25.2000,1.6193,25.0000,22,28,10,0,1.0000
